<?xml version="1.0" encoding="UTF-8"?>
<kml xmlns="http://www.opengis.net/kml/2.2">
<Document>
<name>Indiana District 7 and District 8 Combined Boundaries</name>
<description>All Little League boundaries for Indiana Districts 7 and 8</description>
<Style id="d8"><LineStyle><color>ffc06515</color><width>2</width></LineStyle><PolyStyle><color>33c06515</color></PolyStyle></Style>
<Style id="d7"><LineStyle><color>ff327d2e</color><width>2</width></LineStyle><PolyStyle><color>33327d2e</color></PolyStyle></Style>
<Folder><name>District 8</name>
<Placemark><name>Avon Ll</name><styleUrl>#d8</styleUrl><Polygon><outerBoundaryIs><LinearRing><coordinates>-86.3265716799198,39.7241699876585,0 -86.3264818483914,39.7196097565791,0 -86.3264888768101,39.7186833571498,0 -86.3366988759042,39.718541121619,0 -86.3361514542481,39.7164435855925,0 -86.3360869606006,39.7106142251372,0 -86.3358612337326,39.7076869565592,0 -86.3356032591426,39.7056030625833,0 -86.3354742718475,39.6977630876212,0 -86.3354742718475,39.6920810308399,0 -86.3345068689314,39.6903440640554,0 -86.3325720622008,39.6885574239753,0 -86.3305082690736,39.6864977678921,0 -86.3292183988182,39.6851825335382,0 -86.3504045269932,39.6759255536173,0 -86.3706232531504,39.6681318522194,0 -86.3820386098964,39.6636389055352,0 -86.384940819543,39.6622735873815,0 -86.386553158036,39.6612309624254,0 -86.3921640963868,39.6571844371824,0 -86.3948405782672,39.6552976323127,0 -86.3997420873937,39.6519211166868,0 -86.4015389667955,39.6508655413208,0 -86.4037594737191,39.6497842011909,0 -86.4120911198084,39.6465693070361,0 -86.4123947782222,39.6473584312499,0 -86.4141408183688,39.6475630177182,0 -86.4154693269612,39.6484836486427,0 -86.4174431106937,39.6500910698996,0 -86.4194738305471,39.6505294507147,0 -86.4207454030185,39.6511724052297,0 -86.4211249771587,39.6526628663149,0 -86.4206505094834,39.6534957571242,0 -86.4213337420375,39.6539925641285,0 -86.4210490623307,39.6553806836616,0 -86.4218271884198,39.6564473241425,0 -86.4213147633305,39.6575723936072,0 -86.4226432719229,39.6583467812137,0 -86.4235732276681,39.65877049944,0 -86.4236301637891,39.6595448736226,0 -86.4241425888784,39.6598663097012,0 -86.4250725446236,39.6597202025781,0 -86.4255849697128,39.6592672685333,0 -86.4256419058339,39.6585513351645,0 -86.4262871809739,39.6582445040112,0 -86.4266667551141,39.65894583036,0 -86.4273310089612,39.6595302628562,0 -86.4283748369484,39.6590627167013,0 -86.4298172177829,39.6593549334188,0 -86.4305194290439,39.6603922920957,0 -86.4310508328402,39.660669892666,0 -86.4318099802223,39.6605091766822,0 -86.4324932136747,39.6606845031915,0 -86.4329676804516,39.6613273625615,0 -86.4332713397638,39.6616487896583,0 -86.4343721038721,39.661546518034,0 -86.4350932938402,39.6616926206045,0 -86.4351122725472,39.6630075353726,0 -86.4349794215981,39.6634458342743,0 -86.4350932938402,39.663986399944,0 -86.4356246976364,39.6641178882512,0 -86.4366875043307,39.6634750541483,0 -86.4375605239548,39.6636795929206,0 -86.4386992454772,39.6638403015313,0 -86.4390029047893,39.6647022770094,0 -86.4383196713369,39.6646292285984,0 -86.4373517581777,39.6647022770094,0 -86.4374276730058,39.6654035371336,0 -86.4386802667701,39.666470023624,0 -86.4394773715662,39.6663239304625,0 -86.4409577098147,39.6672881389284,0 -86.4410715820568,39.6687782525042,0 -86.4421533674581,39.6696547750114,0 -86.4422482609931,39.671889857451,0 -86.441375241369,39.6728832041362,0 -86.4433680038084,39.6741248668875,0 -86.446233785872,39.6741540822454,0 -86.4463666368211,39.6748260313762,0 -86.4472586351522,39.676140696214,0 -86.4471637425155,39.6785070290368,0 -86.449270377197,39.6801429648738,0 -86.449934631044,39.6821878305219,0 -86.4495930143179,39.6841742134185,0 -86.449213441076,39.68321024064,0 -86.4482075705028,39.6829035189866,0 -86.4466892748402,39.6838382847975,0 -86.4475433157574,39.6863650100929,0 -86.4468031470823,39.6866571113408,0 -86.4465374451841,39.68732893883,0 -86.4468426226492,39.6879487669453,0 -86.4467333057639,39.6899209638966,0 -86.4474499403752,39.6909023676742,0 -86.4483001859102,39.6924632385978,0 -86.4485066744581,39.6939586506112,0 -86.4512274594517,39.6949306510824,0 -86.4529400966428,39.6963605889926,0 -86.4546527338339,39.6964166639382,0 -86.4559402487066,39.6972017146138,0 -86.4567297618402,39.6990428096882,0 -86.4574585434708,39.7000427749031,0 -86.4581751789804,39.7002483734577,0 -86.4587582044644,39.7008838556498,0 -86.4586731798211,39.7014539154767,0 -86.4584181067894,39.7025286061997,0 -86.4583087890059,39.7032481725408,0 -86.4577864959232,39.7038088681331,0 -86.4568633718657,39.704631213796,0 -86.4566690303371,39.7059207811379,0 -86.4572399097003,39.7066216227705,0 -86.4568390796238,39.7074159015786,0 -86.4573613727065,39.7082755813515,0 -86.4580294228339,39.7084531224661,0 -86.4582116182416,39.7099201557163,0 -86.4584909844135,39.7105088291792,0 -86.4569172276636,39.7179514159647,0 -86.4571867222489,39.7471738268694,0 -86.4575460483626,39.7761767289111,0 -86.4570070591921,39.7763838485582,0 -86.4565579024483,39.7990251704094,0 -86.4487005704223,39.7990251704094,0 -86.4384119328082,39.7990251704094,0 -86.4385017643366,39.8059265309256,0 -86.424398214374,39.8062715793544,0 -86.4208947847654,39.8063405897984,0 -86.414876072361,39.8064095994832,0 -86.4048149411775,39.8066856375294,0 -86.4006826908699,39.8067546468677,0 -86.3860401517368,39.8070306835286,0 -86.381638406844,39.8070996925206,0 -86.3768773358375,39.8071687014434,0 -86.373823063871,39.807237710987,0 -86.3697806450919,39.807306718391,0 -86.3673551938245,39.807306718391,0 -86.3627737858748,39.8074447364418,0 -86.3554076014423,39.8075827535254,0 -86.3500177088386,39.8076517619633,0 -86.3458854594294,39.8077207703319,0 -86.345256637832,39.8076517619633,0 -86.3412142190529,39.8077897786313,0 -86.3345666859496,39.8078587868614,0 -86.3270208384602,39.8079968024237,0 -86.3267513429766,39.8004745134285,0 -86.3268411736067,39.8002674669861,0 -86.3266615114482,39.7951601063593,0 -86.3265716799198,39.7899833403514,0 -86.3265405604817,39.7882855539694,0 -86.3264818483914,39.7850823108992,0 -86.3263920168629,39.7805951468881,0 -86.3263920168629,39.7792834588627,0 -86.3266615114482,39.7787311603074,0 -86.3269310060335,39.7779027069254,0 -86.3269310060335,39.7685128638054,0 -86.3267513429766,39.7600885323162,0 -86.3266615114482,39.7503509308404,0 -86.3266615114482,39.7430986319066,0 -86.3265716799198,39.7355001659287,0 -86.3264818483914,39.7294207899627,0 -86.3265716799198,39.7241699876585,0</coordinates></LinearRing></outerBoundaryIs></Polygon></Placemark>
<Placemark><name>Brownsburg Ll</name><styleUrl>#d8</styleUrl><Polygon><outerBoundaryIs><LinearRing><coordinates>-86.3261225222776,39.924177020977,0 -86.3261225222776,39.9217657824298,0 -86.3260326907492,39.9190788758827,0 -86.3260326907492,39.9152894668853,0 -86.3260326907492,39.910604090374,0 -86.3260326907492,39.9096394149366,0 -86.3259428592208,39.9059873029901,0 -86.3260326907492,39.9024039109622,0 -86.3260326907492,39.8998540744136,0 -86.3260326907492,39.8951676428502,0 -86.3260326907492,39.8912390623391,0 -86.3259428592208,39.8844841355776,0 -86.3260326907492,39.8821404333545,0 -86.3260326907492,39.8778664184372,0 -86.3260326907492,39.8734542533475,0 -86.3258530276924,39.8715238415644,0 -86.3254937015787,39.8677318024189,0 -86.3254038700502,39.8665596753968,0 -86.3254038700502,39.8662149283439,0 -86.3255835331071,39.8661459794149,0 -86.328098815903,39.8660770297271,0 -86.328098815903,39.8626984094529,0 -86.3280089843746,39.8580783957274,0 -86.3280089843746,39.8556648316778,0 -86.3278293213177,39.8519408806428,0 -86.3278293213177,39.8499408976252,0 -86.3277394897893,39.8446303144424,0 -86.3276496582609,39.8415265377748,0 -86.3275598267324,39.8364222439812,0 -86.327469995204,39.8306967048383,0 -86.3273801636756,39.8263504955943,0 -86.3272903321472,39.8226939478781,0 -86.3272005006187,39.8176572529323,0 -86.3271106690903,39.8154492699739,0 -86.3271106690903,39.8114471193743,0 -86.3270208384602,39.8079968024237,0 -86.3345666859496,39.8078587868614,0 -86.3412142190529,39.8077897786313,0 -86.345256637832,39.8076517619633,0 -86.3458854594294,39.8077207703319,0 -86.3500177088386,39.8076517619633,0 -86.3554076014423,39.8075827535254,0 -86.3627737858748,39.8074447364418,0 -86.3673551938245,39.807306718391,0 -86.3697806450919,39.807306718391,0 -86.373823063871,39.807237710987,0 -86.3768773358375,39.8071687014434,0 -86.381638406844,39.8070996925206,0 -86.3860401517368,39.8070306835286,0 -86.4006826908699,39.8067546468677,0 -86.4048149411775,39.8066856375294,0 -86.414876072361,39.8064095994832,0 -86.4208947847654,39.8063405897984,0 -86.424398214374,39.8062715793544,0 -86.4385017643366,39.8059265309256,0 -86.4386814273935,39.8129652036677,0 -86.4385915958651,39.8132412153917,0 -86.4385915958651,39.8138622377184,0 -86.4386814273935,39.8157252703429,0 -86.4385915958651,39.8168982654112,0 -86.4386814273935,39.8175192553855,0 -86.4387712589219,39.8181402383688,0 -86.4387712589219,39.8206241176407,0 -86.4388610904503,39.8221419999342,0 -86.4388610904503,39.8231768999858,0 -86.4389509219788,39.8283511657491,0 -86.4391305850356,39.8352495815102,0 -86.4392204174624,39.8393882984243,0 -86.4392204174624,39.8426301184414,0 -86.4346390086144,39.842699092377,0 -86.4307762528921,39.8427680655536,0 -86.4298779376079,39.8440095708846,0 -86.4297881060794,39.8443544294928,0 -86.4297881060794,39.844906199663,0 -86.4299677691363,39.8453889949246,0 -86.4300576006647,39.8457338466042,0 -86.4298779376079,39.8462166353561,0 -86.4299677691363,39.8469752983092,0 -86.4300576006647,39.8480098249382,0 -86.4299677691363,39.8487684666962,0 -86.4302372637216,39.8492512347979,0 -86.4300576006647,39.8500098635269,0 -86.4300576006647,39.8504926228985,0 -86.4301474321932,39.854837304464,0 -86.4302372637216,39.8576646479185,0 -86.4304169267784,39.8638016518468,0 -86.4302372637216,39.8642153619646,0 -86.4299677691363,39.8644222164327,0 -86.4297881060794,39.8646980214202,0 -86.4296982754494,39.8651117268226,0 -86.4296982754494,39.8655254297304,0 -86.4298779376079,39.8660770297271,0 -86.4300576006647,39.8666975744224,0 -86.4300576006647,39.8696623216069,0 -86.4300576006647,39.8720753933319,0 -86.4301474321932,39.8755224913984,0 -86.4302372637216,39.8796587803951,0 -86.4302372637216,39.8830365646781,0 -86.4304169267784,39.8942027486798,0 -86.4306864213637,39.9088125388724,0 -86.4307762528921,39.9161162647633,0 -86.4308660844206,39.9197678359947,0 -86.4308660844206,39.9234881045394,0 -86.4120014634514,39.9236258883815,0 -86.4093065175987,39.9236258883815,0 -86.3977182504319,39.9237636719463,0 -86.3835248689409,39.9237636719463,0 -86.3690619928645,39.9239014559228,0 -86.3552279365888,39.924039238933,0 -86.3446278171331,39.9241081296452,0 -86.3402260722403,39.9241081296452,0 -86.3334887076084,39.924177020977,0 -86.33169207704,39.924177020977,0 -86.3302547725852,39.924177020977,0 -86.3261225222776,39.924177020977,0</coordinates></LinearRing></outerBoundaryIs></Polygon></Placemark>
<Placemark><name>Clinton Little League</name><styleUrl>#d8</styleUrl><Polygon><outerBoundaryIs><LinearRing><coordinates>-87.5317514652623,40.1443427668815,0 -87.5314668017251,40.1473347420436,0 -87.5314384050806,40.1478216738367,0 -87.5314396384676,40.148126762587,0 -87.5313765938026,40.1481070610985,0 -87.5313014407459,40.1480835761368,0 -87.531100012408,40.1480500048911,0 -87.5309600117676,40.1480400051322,0 -87.5303200124332,40.1480400051322,0 -87.529990011822,40.1480400051322,0 -87.526680011952,40.1480700050909,0 -87.5000200121688,40.1483900047414,0 -87.4904600124548,40.1483600049241,0 -87.4904100122261,40.1461700051292,0 -87.4903600119974,40.1419595049681,0 -87.490480011648,40.1340000051078,0 -87.490480011648,40.1315500045923,0 -87.4904100122261,40.1274100048013,0 -87.4712550117396,40.1273200049917,0 -87.4501600122603,40.1273500051704,0 -87.4066700118464,40.1275100052131,0 -87.4066900119379,40.1264500050392,0 -87.4067600122581,40.1256200048276,0 -87.4070600118338,40.122960005146,0 -87.4074400117754,40.120960004762,0 -87.4077600123409,40.1186000045731,0 -87.4075400122329,40.1163300049594,0 -87.4074800119584,40.1153100047291,0 -87.4073100120791,40.113260005019,0 -87.4072400117589,40.1105200051505,0 -87.4074000115925,40.1087000048669,0 -87.407940012266,40.1064900048154,0 -87.4096700120949,40.1040500050623,0 -87.412020012065,40.101060005162,0 -87.4129900120106,40.0993600046731,0 -87.4136200121976,40.0963900051056,0 -87.4136900116195,40.0925100049649,0 -87.4133400118151,40.0908900047029,0 -87.412610012069,40.0892300050933,0 -87.4121800118986,40.0881200052031,0 -87.4121400117156,40.0865300045493,0 -87.4127800119483,40.0840100046487,0 -87.4136400122891,40.0793500046931,0 -87.4152400124216,40.0748300051955,0 -87.4159700121677,40.0725000045388,0 -87.4162100123672,40.0653800047186,0 -87.4167100119595,40.0619100047042,0 -87.4174400117056,40.0586800046561,0 -87.4186100116678,40.0561500045823,0 -87.4210100118666,40.0539200050657,0 -87.4259200118691,40.0513000050044,0 -87.4290600118597,40.049940004937,0 -87.4306800120838,40.0487000051721,0 -87.4315000122416,40.0477500046819,0 -87.431520012333,40.0466300051011,0 -87.4308600120089,40.0450600049398,0 -87.4288800119347,40.0433100047459,0 -87.4257900121727,40.041830004695,0 -87.4246900116325,40.0411200046896,0 -87.4242200121774,40.0398700048856,0 -87.4250800116198,40.0382300045884,0 -87.4273300120308,40.0364000051005,0 -87.4295700123961,40.0348900046476,0 -87.4313800116926,40.0329300048203,0 -87.4337900119372,40.0290500049557,0 -87.4350100121281,40.0262900050817,0 -87.4354000121155,40.0235100046176,0 -87.4354800115831,40.0188200051826,0 -87.4352000120989,40.0165500050942,0 -87.4348000120658,40.0128500051697,0 -87.4344600123071,40.010200005129,0 -87.4340900124112,40.0062800049448,0 -87.4339600118165,40.0042600046232,0 -87.4336200120579,40.0020300049639,0 -87.4333400116753,40.0010700046239,0 -87.4332000119332,40.0000400046896,0 -87.4335600117834,39.9969800050881,0 -87.433390011904,39.9941900049839,0 -87.4327200124324,39.9926000051249,0 -87.4314900121958,39.9903600050438,0 -87.4302900120964,39.9893500046771,0 -87.429090011997,39.9884300049954,0 -87.4282700118392,39.9876000048179,0 -87.427730012064,39.9867000051123,0 -87.4275400120931,39.9859000051325,0 -87.4273900123053,39.9819400047683,0 -87.4277000119267,39.9802000047192,0 -87.4280600117769,39.9783700045721,0 -87.428540012176,39.9765900051764,0 -87.4291900124544,39.974840004769,0 -87.4297000120924,39.9732100048441,0 -87.4304800120672,39.9710400051546,0 -87.4313200123165,39.9693400051395,0 -87.4317300123953,39.9686900051378,0 -87.4339200116336,39.9663200049772,0 -87.4362200122732,39.9644200050844,0 -87.4375800122062,39.9635200050777,0 -87.4386000123806,39.9628700048195,0 -87.4395300121432,39.9621100049329,0 -87.4401800124216,39.9611800051112,0 -87.4402600118893,39.960300004753,0 -87.4398400117646,39.9594900049452,0 -87.4393900124011,39.9590600049312,0 -87.4383800122725,39.9587000045694,0 -87.4382000123474,39.9585800047162,0 -87.4365500119862,39.9576400048927,0 -87.4358400123316,39.957030004958,0 -87.4348000120658,39.9563600049115,0 -87.4338400121659,39.9559100049878,0 -87.432400011867,39.9554400045228,0 -87.4314000117841,39.9550900049499,0 -87.4302300118219,39.954830004934,0 -87.4288800119347,39.9548000051864,0 -87.4265800121933,39.9552500048392,0 -87.4256900117153,39.9555900051686,0 -87.4238100120986,39.9565000045593,0 -87.4231900119574,39.9566400046091,0 -87.4226800123194,39.956650004946,0 -87.4220800122696,39.9563900046634,0 -87.4217100123737,39.9560500048682,0 -87.421440012037,39.9556800047096,0 -87.42052001232,39.9540000049963,0 -87.420220011846,39.9524500047262,0 -87.419190011626,39.9524500047262,0 -87.4158300124256,39.9525600047616,0 -87.3749200121356,39.952480004816,0 -87.3706800116047,39.9525500052039,0 -87.3436600119714,39.9528000047255,0 -87.338560011998,39.952750005032,0 -87.3370300121856,39.9527600045605,0 -87.3329400123409,39.9527400048135,0 -87.3318400118006,39.9527600045605,0 -87.3175300119176,39.952750005032,0 -87.3164000121384,39.9527600045605,0 -87.2981700122901,39.952770004776,0 -87.2906700121179,39.9527900052028,0 -87.2900200118394,39.9527900052028,0 -87.2851600120656,39.9527900052028,0 -87.2805100123542,39.9528200051435,0 -87.2803100123376,39.9528200051435,0 -87.279550011556,39.9528200051435,0 -87.279080012101,39.9528200051435,0 -87.2768500117814,39.9528200051435,0 -87.2748900117987,39.9528200051435,0 -87.2738900117159,39.9528200051435,0 -87.271570011883,39.9528400048671,0 -87.2614100121193,39.9528700047858,0 -87.2500200121189,39.952850005071,0 -87.2450800119792,39.9529800048343,0 -87.2421625830749,39.9529900050178,0 -87.2235020117277,39.9531400048395,0 -87.1902900119766,39.953380004834,0 -87.1902900119766,39.9532300048501,0 -87.1902700118851,39.9531500049995,0 -87.1902100116106,39.9531000048733,0 -87.1901200120973,39.9530700050554,0 -87.1897900123843,39.9530600048837,0 -87.18575001187,39.9530800045371,0 -87.1853500118368,39.9530700050554,0 -87.1819100122705,39.9530600048837,0 -87.1803300122295,39.9530300050483,0 -87.17942001166,39.9530300050483,0 -87.1792000115519,39.9530500047105,0 -87.1790300116726,39.9530900047059,0 -87.178950012205,39.9531200052036,0 -87.1788600117933,39.9531700046266,0 -87.1787200120512,39.953300005159,0 -87.1603300123692,39.9531800047823,0 -87.1551300119384,39.9530800045371,0 -87.1550500115724,39.9530900047059,0 -87.1524600123011,39.9530700050554,0 -87.1512200120187,39.9530800045371,0 -87.1496500120234,39.9530700050554,0 -87.148960011562,39.9530000051997,0 -87.1485500123814,39.9530100046916,0 -87.1484300118325,39.9530400045358,0 -87.1481000121196,39.9530500047105,0 -87.1457000119207,39.9530600048837,0 -87.1417961663591,39.9530484670168,0 -87.1398300120184,39.9530300050483,0 -87.1390200119063,39.9530400045358,0 -87.1385600115987,39.9530700050554,0 -87.1364981750021,39.9530375351356,0 -87.1288900122798,39.9530100046916,0 -87.1260600119106,39.9529900050178,0 -87.1259740116969,39.9530180051105,0 -87.12594001226,39.9530500047105,0 -87.125900012077,39.9531100050392,0 -87.125900012077,39.9531500049995,0 -87.1143500122431,39.9530400045358,0 -87.1007200118775,39.9530900047059,0 -87.0968367143796,39.9530580106336,0 -87.0960344703218,39.953051400548,0 -87.0910100123756,39.9530100046916,0 -87.0900100122928,39.9529900050178,0 -87.0909934501367,39.9507800219001,0 -87.0910228394196,39.9493606226144,0 -87.0910379868119,39.9486290639737,0 -87.0913074813972,39.9326501254664,0 -87.0913074813972,39.9263815069947,0 -87.0912176498687,39.9180454209953,0 -87.0913074813972,39.881795765986,0 -87.091487144454,39.8672491649952,0 -87.0834921384242,39.8670423183606,0 -87.0610342563181,39.8670423183606,0 -87.0521409350041,39.8669733709527,0 -87.0330068194497,39.8669044214069,0 -87.0253711395336,39.8667665234866,0 -87.0091116328888,39.8666286259785,0 -87.0096506220593,39.8506305535239,0 -87.0098302851162,39.8448372286342,0 -87.0101896112299,39.8301448204928,0 -87.0101896112299,39.8255916054672,0 -87.0102794427583,39.8200031564119,0 -87.0103692742867,39.8156562706996,0 -87.010638768872,39.801302695725,0 -87.010638768872,39.7860487388432,0 -87.0107286004004,39.7667176008944,0 -87.0109980949857,39.7462759224155,0 -87.0114472535261,39.7279008615076,0 -87.0116269156847,39.7138744924508,0 -87.0118964102699,39.6954216733502,0 -87.0124353994405,39.6609908719276,0 -87.0129743877127,39.6088972468259,0 -87.0129743877127,39.6085512078209,0 -87.0130642201394,39.6066133613088,0 -87.0130642201394,39.6048138838423,0 -87.0153100083501,39.6048138838423,0 -87.0222270360388,39.6048138838423,0 -87.0284254115,39.6049523068461,0 -87.0292338952559,39.6049523068461,0 -87.0303118726986,39.6049523068461,0 -87.0321983356939,39.6050215189364,0 -87.0341746293192,39.6050907295732,0 -87.0353424391887,39.6050907295732,0 -87.0383967111552,39.6050215189364,0 -87.0428882866781,39.6050215189364,0 -87.0472002009408,39.6050215189364,0 -87.0567223429538,39.605159940833,0 -87.0646275174551,39.605159940833,0 -87.0701970722174,39.6052291513315,0 -87.0764852792071,39.6052983638372,0 -87.0845701167653,39.6053675748895,0 -87.0883430409592,39.6053675748895,0 -87.0960685524036,39.6054367858726,0 -87.1032550746776,39.6055059954022,0 -87.1066686727577,39.6055752069391,0 -87.1082856402694,39.6055752069391,0 -87.1129568797474,39.6056444177146,0 -87.1147535103159,39.6056444177146,0 -87.1176281192255,39.605713628421,0 -87.1205027281351,39.605713628421,0 -87.123018010931,39.6057828383661,0 -87.1281384080512,39.6058520496262,0 -87.1334384682282,39.6059904705547,0 -87.1418826319001,39.6061288918987,0 -87.150955616271,39.6062673115816,0 -87.158142138545,39.60640573168,0 -87.1675744490295,39.6065441515017,0 -87.1707185525244,39.6066825703546,0 -87.1711677101665,39.6065441515017,0 -87.1813186728785,39.606820990315,0 -87.1895831734935,39.6070286186986,0 -87.1989256524496,39.6070978273293,0 -87.2128495393554,39.6073054555748,0 -87.2382718618996,39.6076514994216,0 -87.2527347379759,39.6078591253148,0 -87.2797740280317,39.6079975429231,0 -87.2913622951984,39.6081359595626,0 -87.3135506827193,39.6082051677786,0 -87.3304390100631,39.6082743759254,0 -87.3493036310322,39.6082743759254,0 -87.3698750510414,39.6081359595626,0 -87.3820921389071,39.6079283344996,0 -87.3871227044989,39.6079283344996,0 -87.3935905745454,39.6078591253148,0 -87.4014059175184,39.6078591253148,0 -87.4063466515817,39.6078591253148,0 -87.4094009235482,39.607789917445,0 -87.4158687935947,39.607789917445,0 -87.4193722232033,39.6077207088139,0 -87.4248519464372,39.6077207088139,0 -87.4283553760457,39.6077207088139,0 -87.4369792027745,39.6076514994216,0 -87.4426385890652,39.6076514994216,0 -87.4469505024296,39.6075822913443,0 -87.4520708995498,39.6075822913443,0 -87.4588082641816,39.6075130825057,0 -87.4629405144891,39.6074438735979,0 -87.4721033303884,39.6074438735979,0 -87.4770440644518,39.6074438735979,0 -87.4814458093446,39.607374664621,0 -87.4891713207891,39.6075130825057,0 -87.4958188538925,39.6075130825057,0 -87.4999511042,39.6075130825057,0 -87.5004002618421,39.6075130825057,0 -87.5048020067349,39.6073054555748,0 -87.5152224640322,39.6073054555748,0 -87.5199835350386,39.6073054555748,0 -87.5284276996089,39.6073054555748,0 -87.5322006229044,39.6073054555748,0 -87.5322006229044,39.6122883293843,0 -87.5322006229044,39.6273039908886,0 -87.5323802859612,39.6437690333524,0 -87.5324701174897,39.6555965403481,0 -87.5325599490181,39.6644485548974,0 -87.5326497805465,39.6648634645361,0 -87.5326497805465,39.6651400693473,0 -87.532739612075,39.6662464809773,0 -87.532739612075,39.6669379788172,0 -87.532739612075,39.6712251109585,0 -87.532739612075,39.6756502586436,0 -87.532739612075,39.680282531404,0 -87.532739612075,39.6850527569174,0 -87.5328294436034,39.6898226515251,0 -87.5328294436034,39.6941083633203,0 -87.5328294436034,39.6995688034433,0 -87.5328294436034,39.7049597016135,0 -87.5328294436034,39.7088298298272,0 -87.5328294436034,39.7137362874309,0 -87.5328294436034,39.716293035475,0 -87.5328294436034,39.7171913298567,0 -87.5329192751318,39.7216135316193,0 -87.5329192751318,39.7270717958764,0 -87.5329192751318,39.7307334278838,0 -87.5329192751318,39.7359146486204,0 -87.5329192751318,39.741026405398,0 -87.5330091057619,39.745585219941,0 -87.5330091057619,39.7484861267049,0 -87.5329192751318,39.7514559754478,0 -87.5330091057619,39.7561522208957,0 -87.5330989381886,39.7812854989647,0 -87.5330989381886,39.8033731078291,0 -87.5331887706154,39.832697248423,0 -87.5330989381886,39.8624225964275,0 -87.5330989381886,39.8983379108133,0 -87.532739612075,39.933407832439,0 -87.532739612075,39.9696301773149,0 -87.5325599490181,39.9708693864933,0 -87.5326497805465,39.9733477353869,0 -87.5326497805465,39.9741738326328,0 -87.532739612075,39.9754817984279,0 -87.5326497805465,39.977133929968,0 -87.5324701174897,39.9781664918982,0 -87.5324701174897,39.9822965835977,0 -87.5324701174897,39.9873211918676,0 -87.5323802859612,39.9919324934026,0 -87.5322904544328,39.993308940991,0 -87.5322904544328,39.9981262884123,0 -87.5322904544328,39.9999155039657,0 -87.5322904544328,40.0019799229189,0 -87.5322904544328,40.0084480336054,0 -87.5322904544328,40.012094676906,0 -87.5323802859612,40.0149843313438,0 -87.5323802859612,40.0170482953214,0 -87.5323802859612,40.0224143095218,0 -87.5323802859612,40.0285365538565,0 -87.5322904544328,40.0318382103749,0 -87.5322904544328,40.0443555395008,0 -87.5322006229044,40.0534326050084,0 -87.532110791376,40.0641584854463,0 -87.5320209598476,40.0741952818974,0 -87.5319311283191,40.084574247732,0 -87.5319311283191,40.0959824110074,0 -87.5317514652623,40.1068390064346,0 -87.5316616346322,40.1178999583763,0 -87.5316616346322,40.1260056019945,0 -87.5315718022054,40.1298520086427,0 -87.5315718022054,40.1376128464269,0 -87.5315718022054,40.1390550283571,0 -87.5314819697787,40.1427633556215,0 -87.5317514652623,40.1443427668815,0</coordinates></LinearRing></outerBoundaryIs></Polygon></Placemark>
<Placemark><name>Danville Ll</name><styleUrl>#d8</styleUrl><Polygon><outerBoundaryIs><LinearRing><coordinates>-86.8996069997394,39.8659391294542,0 -86.8868509227031,39.8658012309726,0 -86.867357481035,39.8655943799726,0 -86.8602607902894,39.8655254297304,0 -86.851277637447,39.8655254297304,0 -86.8395097072234,39.8653875283488,0 -86.8318740273074,39.8653875283488,0 -86.8213637384817,39.8653185785883,0 -86.8117517649402,39.8652496273795,0 -86.8016906337567,39.8651117268226,0 -86.8011516454845,39.8651117268226,0 -86.7995346770745,39.8651117268226,0 -86.7991753509608,39.8651806774805,0 -86.7980075410913,39.8651806774805,0 -86.7847124748845,39.8650427754059,0 -86.7742021860588,39.8650427754059,0 -86.7705190933934,39.8649738259885,0 -86.7524629561801,39.8649048744332,0 -86.7327000199267,39.8649048744332,0 -86.7131167467302,39.8648359234982,0 -86.6949707779884,39.8648359234982,0 -86.6867961089018,39.8648359234982,0 -86.6868859404303,39.8575267314279,0 -86.6867961089018,39.8486305323293,0 -86.6867961089018,39.8414575633511,0 -86.6867961089018,39.8354565239692,0 -86.6867062773734,39.8306277195376,0 -86.686616445845,39.8273853329487,0 -86.6867961089018,39.8262815059291,0 -86.6867961089018,39.8196581755269,0 -86.6754773363204,39.8195891784521,0 -86.6564330522944,39.8194511868546,0 -86.6377480943821,39.8194511868546,0 -86.6189733049414,39.819382189572,0 -86.5878915961065,39.819382189572,0 -86.5811542314747,39.8194511868546,0 -86.5765728226267,39.8194511868546,0 -86.5766626550534,39.8338009716672,0 -86.5766626550534,39.8343528266385,0 -86.5715422579333,39.8343528266385,0 -86.5618404528634,39.8343528266385,0 -86.5537556153052,39.8343528266385,0 -86.5430656634227,39.8342838443198,0 -86.5288722819316,39.8342838443198,0 -86.5248298631525,39.8342838443198,0 -86.5054262530129,39.8343528266385,0 -86.5053364214844,39.8269713994634,0 -86.5053364214844,39.8232458913885,0 -86.5053364214844,39.8123441739264,0 -86.5053364214844,39.804960381558,0 -86.5005753504779,39.804960381558,0 -86.49599394163,39.8050293926281,0 -86.487459947328,39.8050293926281,0 -86.476949657604,39.8048913704187,0 -86.4673376849609,39.8044082905039,0 -86.4673376849609,39.8050984036288,0 -86.4566477330784,39.804960381558,0 -86.4565579024483,39.7990251704094,0 -86.4570070591921,39.7763838485582,0 -86.4575460483626,39.7761767289111,0 -86.4571867222489,39.7471738268694,0 -86.4569172276636,39.7179514159647,0 -86.4664393696766,39.7177441205842,0 -86.4665292012051,39.7168458334022,0 -86.4816208979804,39.7169149328315,0 -86.4953651218293,39.7167767339036,0 -86.5113551338889,39.7167076343357,0 -86.524919694681,39.7166385346987,0 -86.5389334131152,39.7167767339036,0 -86.5498030280546,39.7167076343357,0 -86.5610319691076,39.7166385346987,0 -86.5608523060508,39.7093135805902,0 -86.560762473624,39.6976335074451,0 -86.560762473624,39.6875414383648,0 -86.5603133168802,39.687610567835,0 -86.5601336538234,39.6682518056471,0 -86.5601336538234,39.6591236504966,0 -86.5600438222949,39.6520000858606,0 -86.5599539907665,39.6446682729462,0 -86.5599539907665,39.6377507549526,0 -86.5598641592381,39.6300714983312,0 -86.5598641592381,39.6232217143312,0 -86.5597743277096,39.6154024445249,0 -86.5596844961812,39.6008687119147,0 -86.5904967104308,39.600799496366,0 -86.6119664457243,39.6008687119147,0 -86.6441261329002,39.6010071428045,0 -86.6567923784081,39.6011455734176,0 -86.6556245676402,39.6030143596127,0 -86.655085579368,39.6039141275729,0 -86.6553550739533,39.6048138838423,0 -86.6549957478396,39.6053675748895,0 -86.6541872640838,39.6061981014287,0 -86.6541872640838,39.6074438735979,0 -86.6536482749132,39.6081359595626,0 -86.6530194542142,39.608343583311,0 -86.652390632617,39.6091048682913,0 -86.65212113893,39.6099353506956,0 -86.6499651822478,39.6111810556237,0 -86.649516025504,39.6110426443798,0 -86.649516025504,39.61021217595,0 -86.6488872039067,39.6098661449012,0 -86.6481685516793,39.6098661449012,0 -86.6473600679235,39.6104197948564,0 -86.6473600679235,39.6112502607958,0 -86.6479888886225,39.6124267388298,0 -86.6479888886225,39.6130495702974,0 -86.6477193940372,39.613395586819,0 -86.647899057094,39.6145720277031,0 -86.6475397309804,39.6147796328425,0 -86.6459227634687,39.6147104318906,0 -86.6451142797129,39.6151948419454,0 -86.6446651220708,39.615956050897,0 -86.644575289644,39.6168556492999,0 -86.643227817616,39.6176860394179,0 -86.6428684915023,39.6185856167206,0 -86.6429583230307,39.6193467883831,0 -86.6435871437296,39.6200387553575,0 -86.6436769752581,39.6205231274312,0 -86.6434074806728,39.6212842784772,0 -86.6434074806728,39.6219762253883,0 -86.6433176491444,39.6223913913212,0 -86.6439464698434,39.623360100531,0 -86.6442159644286,39.6243979888999,0 -86.6438566383149,39.6256434328724,0 -86.6443956274855,39.6264737168619,0 -86.644934616656,39.6270272332948,0 -86.644934616656,39.6275115578385,0 -86.6446651220708,39.6282034438665,0 -86.6437668067865,39.6283418194116,0 -86.6429583230307,39.6294488193445,0 -86.6416108501043,39.6300714983312,0 -86.6523008019868,39.6301406853081,0 -86.6659551943074,39.6302790576706,0 -86.6749383471498,39.630348243748,0 -86.6874249304991,39.6304174297563,0 -86.6876944241861,39.601284003754,0 -86.7063793820984,39.6014224338137,0 -86.7206625951178,39.6015608635967,0 -86.7626139188921,39.6019069368437,0 -86.794773606068,39.6020453656583,0 -86.794773606068,39.6223221979793,0 -86.7944142799544,39.6479192666808,0 -86.7941447853691,39.6746822818103,0 -86.7938752907838,39.6889240007932,0 -86.8086974929738,39.6889240007932,0 -86.8260349779597,39.6892696363831,0 -86.8421148206494,39.6894770173213,0 -86.8711304052288,39.6899609044457,0 -86.8828983354524,39.6901682833074,0 -86.8828983354524,39.6905139133592,0 -86.8968222223582,39.6903065355358,0 -86.9007748105072,39.6902374094562,0 -86.9007748105072,39.7120778055936,0 -86.9009544726658,39.7278317723948,0 -86.9003256519668,39.7774884768399,0 -86.8996968312678,39.8505615889355,0 -86.8996069997394,39.8659391294542,0</coordinates></LinearRing></outerBoundaryIs></Polygon></Placemark>
<Placemark><name>Eagle Creek Ll</name><styleUrl>#d8</styleUrl><Polygon><outerBoundaryIs><LinearRing><coordinates>-86.3275598267324,39.8364222439812,0 -86.3276496582609,39.8415265377748,0 -86.3277394897893,39.8446303144424,0 -86.3278293213177,39.8499408976252,0 -86.3278293213177,39.8519408806428,0 -86.3280089843746,39.8556648316778,0 -86.3280089843746,39.8580783957274,0 -86.328098815903,39.8626984094529,0 -86.328098815903,39.8660770297271,0 -86.3255835331071,39.8661459794149,0 -86.3254038700502,39.8662149283439,0 -86.3254038700502,39.8665596753968,0 -86.3254937015787,39.8677318024189,0 -86.3258530276924,39.8715238415644,0 -86.3260326907492,39.8734542533475,0 -86.3260326907492,39.8778664184372,0 -86.3260326907492,39.8821404333545,0 -86.3259428592208,39.8844841355776,0 -86.3260326907492,39.8912390623391,0 -86.3260326907492,39.8951676428502,0 -86.3260326907492,39.8998540744136,0 -86.3260326907492,39.9024039109622,0 -86.3259428592208,39.9059873029901,0 -86.3260326907492,39.9096394149366,0 -86.3260326907492,39.910604090374,0 -86.3260326907492,39.9152894668853,0 -86.3260326907492,39.9190788758827,0 -86.3261225222776,39.9217657824298,0 -86.3261225222776,39.924177020977,0 -86.3213614512711,39.924177020977,0 -86.3139952659403,39.9242459129285,0 -86.3072579013085,39.9243836945566,0 -86.3009696943188,39.9245214765963,0 -86.2976459277671,39.9245214765963,0 -86.293603508988,39.9245903675122,0 -86.2890221010384,39.9246592583588,0 -86.2836322093329,39.9246592583588,0 -86.2785118122127,39.9247281484472,0 -86.270965963825,39.9248659304827,0 -86.2680913549154,39.9249348203631,0 -86.2671930396312,39.9249348203631,0 -86.2661150612901,39.9250726019827,0 -86.2648574198922,39.925141492344,0 -86.2605455074261,39.925141492344,0 -86.2599166858288,39.925141492344,0 -86.2572217399761,39.925210382636,0 -86.2509335329864,39.9255548323675,0 -86.2483284186621,39.9256926127393,0 -86.2411418963881,39.9261059494355,0 -86.2407825702744,39.9260370607335,0 -86.2329672273015,39.9261059494355,0 -86.2296434607498,39.926174839446,0 -86.2284756508802,39.9236947808875,0 -86.2244332321012,39.9153583664006,0 -86.222636602431,39.9116376568626,0 -86.2214687916631,39.9090881646471,0 -86.2197619926231,39.9054360233124,0 -86.2175162044125,39.9009567177805,0 -86.217426372884,39.9005432285972,0 -86.215719573844,39.8970973883713,0 -86.2133839541049,39.8922729209655,0 -86.2117669865933,39.8889645184717,0 -86.209790692968,39.8847598599029,0 -86.2069160840584,39.8789694169097,0 -86.2034126535515,39.8714548979711,0 -86.2017058554098,39.868076542539,0 -86.2063770948878,39.8680075947915,0 -86.2122161442354,39.8679386469746,0 -86.2158094053724,39.867869698399,0 -86.2170670467704,39.867869698399,0 -86.2169772152419,39.8649738259885,0 -86.2168873837135,39.8609056056599,0 -86.2167975521851,39.8572508976152,0 -86.2167077206566,39.8535959949354,0 -86.2166178891282,39.8461476663335,0 -86.2165280575998,39.8418024347767,0 -86.2164382260714,39.8407678159935,0 -86.2163483954413,39.84035396246,0 -86.2163483954413,39.8400780603281,0 -86.2163483954413,39.839733180932,0 -86.2165280575998,39.8392503459019,0 -86.2165280575998,39.8388364839129,0 -86.2165280575998,39.8384226194298,0 -86.2164382260714,39.8373879497243,0 -86.2163483954413,39.836767139315,0 -86.2163483954413,39.836008364949,0 -86.2163483954413,39.8347667149573,0 -86.2163483954413,39.8335250425189,0 -86.2163483954413,39.8304207639096,0 -86.2163483954413,39.8294549588259,0 -86.2164382260714,39.8294549588259,0 -86.2164382260714,39.8284891408536,0 -86.2163483954413,39.8284891408536,0 -86.2163483954413,39.8273163436327,0 -86.2164382260714,39.8262815059291,0 -86.2163483954413,39.8239358154041,0 -86.2236247483453,39.8238668233142,0 -86.2256908726008,39.8239358154041,0 -86.229912955335,39.8241427919478,0 -86.2318892489604,39.8240737993759,0 -86.2348536893984,39.8240048074246,0 -86.2398842549902,39.8288340774024,0 -86.2450046521104,39.8342838443198,0 -86.2492267339463,39.8386985295922,0 -86.250214880759,39.838629552328,0 -86.2509335329864,39.8385605749944,0 -86.2515623536854,39.8384915975916,0 -86.2521013428559,39.8384226194298,0 -86.2564132562202,39.8384226194298,0 -86.2593776966583,39.8383536425782,0 -86.2628811262668,39.8382846649675,0 -86.2661150612901,39.8382846649675,0 -86.2687201756144,39.8382846649675,0 -86.2706066377113,39.8382156879773,0 -86.2716846160524,39.8382156879773,0 -86.2759965294168,39.8380777317198,0 -86.2811169274353,39.838008753832,0 -86.2844406930887,39.837939775875,0 -86.2871356389414,39.8378707978486,0 -86.2896509217373,39.8378707978486,0 -86.29234586759,39.837801819753,0 -86.2931543513459,39.8377328415881,0 -86.2940526666301,39.8373879497243,0 -86.2949509819144,39.8370430554387,0 -86.2956696341418,39.8365602028744,0 -86.2957594656702,39.8360773448459,0 -86.2957594656702,39.8333180949302,0 -86.2956696341418,39.8313865533453,0 -86.2958492971986,39.8311106158776,0 -86.2961187917839,39.8308346759218,0 -86.2968374440113,39.8305587348574,0 -86.2973764331818,39.830282791305,0 -86.2997120529209,39.8289030645044,0 -86.2999815466078,39.8286961029907,0 -86.3000713790346,39.8282821774031,0 -86.2999815466078,39.8276612853802,0 -86.2998917159777,39.8264884747168,0 -86.2989934006934,39.8243497678681,0 -86.2988137376366,39.8239358154041,0 -86.2979154223524,39.8230389135228,0 -86.2975560962387,39.8226249545414,0 -86.2981849169376,39.8221419999342,0 -86.2985442430514,39.8215210517317,0 -86.2987239061082,39.8209000986079,0 -86.2987239061082,39.8192441968689,0 -86.2988137376366,39.8186922198356,0 -86.2990832322219,39.8180712418399,0 -86.299532389864,39.8175882538485,0 -86.3001612114613,39.8169672658777,0 -86.3006039021317,39.8165116684584,0 -86.3013652593694,39.8157924358909,0 -86.3021186198044,39.8149941510192,0 -86.3026590795171,39.8144883991893,0 -86.3029506340308,39.8142582690064,0 -86.3033157632612,39.8139580209425,0 -86.3037549343323,39.8137294898374,0 -86.3042393310864,39.8134992618902,0 -86.3052352231735,39.8131436798754,0 -86.3061405201641,39.8127189947544,0 -86.3066532911048,39.8123447024947,0 -86.3071237792433,39.8118429817163,0 -86.3073501942208,39.8114531621063,0 -86.307631618433,39.8108823130763,0 -86.3077940221584,39.8105377032013,0 -86.3097537849858,39.8112405924561,0 -86.3121312985564,39.8121512793523,0 -86.3152336726114,39.8132445502966,0 -86.3153053518829,39.813350129313,0 -86.3158616947081,39.8141925503079,0 -86.316140630587,39.8145997372246,0 -86.3164669822416,39.8150249717036,0 -86.3169565892243,39.8156909088756,0 -86.3172530709974,39.8160722153892,0 -86.3175201850471,39.8163742744283,0 -86.3177117040691,39.816584959698,0 -86.3179137666176,39.8168179869569,0 -86.3181454897401,39.8170982211234,0 -86.3183052218757,39.8172592092157,0 -86.3185479825981,39.8175073096746,0 -86.3189356272028,39.8178948552709,0 -86.3192785069603,39.8182417141574,0 -86.3196874101962,39.8186549571328,0 -86.3200398632997,39.8190125929649,0 -86.3205009406873,39.8194789358847,0 -86.321020595418,39.8200033668497,0 -86.3213059425731,39.820295431142,0 -86.3217521411647,39.8207435278417,0 -86.3221812735625,39.8211774983803,0 -86.3225826848489,39.8215873816126,0 -86.3230459047185,39.8220545439562,0 -86.3233472876998,39.8223557646467,0 -86.3237200454236,39.8227258710716,0 -86.3240139589132,39.8230212713319,0 -86.3243036566092,39.8233075688076,0 -86.3245731476012,39.8235706470748,0 -86.3248926496018,39.8238884647604,0 -86.325196203811,39.8241872130243,0 -86.3254944013663,39.824484280736,0 -86.3259117963766,39.8249090856427,0 -86.3263632402311,39.8253712104753,0 -86.326746608855,39.8257562128971,0 -86.327129000112,39.8261304790315,0 -86.327372859474,39.8263700893364,0 -86.327469995204,39.8306967048383,0 -86.3275598267324,39.8364222439812,0</coordinates></LinearRing></outerBoundaryIs></Polygon></Placemark>
<Placemark><name>Lebanon Ll</name><styleUrl>#d8</styleUrl><Polygon><outerBoundaryIs><LinearRing><coordinates>-86.4236795621466,40.1770901043937,0 -86.4231460742589,40.1770926048084,0 -86.4090370230134,40.1771587418754,0 -86.3988860603014,40.1771587418754,0 -86.3956521252782,40.1771587418754,0 -86.380740092458,40.1773646484128,0 -86.361965302119,40.177913733805,0 -86.3563957473567,40.1781196394242,0 -86.3561262527714,40.1571827048708,0 -86.3565754104135,40.1128162666597,0 -86.3563059158283,40.0984562188947,0 -86.3563059158283,40.0935772344542,0 -86.3562160842998,40.0799004728554,0 -86.3561060065415,40.0753521447781,0 -86.356036421243,40.0724767574252,0 -86.3560240936623,40.0707975858363,0 -86.3559465897146,40.0602396096794,0 -86.3559465897146,40.0483440956431,0 -86.3559465897146,40.0398165538201,0 -86.3478617521564,40.0399541039681,0 -86.3367226426317,40.0401604269505,0 -86.3366328111033,40.0262665729832,0 -86.3326802238526,40.0264041483978,0 -86.3224394296122,40.0265417255985,0 -86.3224394296122,40.0235837694287,0 -86.3224394296122,40.0207632738628,0 -86.3223495980838,40.012094676906,0 -86.3222597674537,40.0044571434096,0 -86.3220801026002,39.9975757529178,0 -86.3219004404417,39.988904210378,0 -86.3218106089133,39.9830537399973,0 -86.321541114328,39.9683909463593,0 -86.3366328111033,39.9683221009133,0 -86.3477719206279,39.9682532533326,0 -86.3537906330324,39.9682532533326,0 -86.3553177690156,39.968184406371,0 -86.356036421243,39.9679778643817,0 -86.3563957473567,39.9679778643817,0 -86.3562160842998,39.9607485264022,0 -86.3557669266577,39.9449790314989,0 -86.3554076014423,39.9309280359133,0 -86.3552279365888,39.924039238933,0 -86.3690619928645,39.9239014559228,0 -86.3835248689409,39.9237636719463,0 -86.3977182504319,39.9237636719463,0 -86.4027945627296,39.923703315201,0 -86.4093065175987,39.9236258883815,0 -86.4120014634514,39.9236258883815,0 -86.4307032045882,39.9234892943042,0 -86.4308660844206,39.9234724750118,0 -86.4308900119464,39.9234700045444,0 -86.4318126015063,39.9234596383631,0 -86.4354474923702,39.9233503204201,0 -86.4361574821433,39.9234108193943,0 -86.436255976126,39.9234192125145,0 -86.4410683139858,39.9233700049653,0 -86.4431367702677,39.9233488543956,0 -86.4450498952606,39.9233292917834,0 -86.4497307053897,39.9232814289454,0 -86.4508542346039,39.9232733754469,0 -86.4593426789311,39.9232125353346,0 -86.4682360002451,39.9230747513496,0 -86.4685953263588,39.9227302884518,0 -86.4731767343085,39.9227302884518,0 -86.4871006212143,39.922799181859,0 -86.4964329617841,39.9226641424211,0 -86.4966227632272,39.9226613956643,0 -86.5154873841964,39.9225236098813,0 -86.5342621736371,39.9225236098813,0 -86.5437843156501,39.9225925028075,0 -86.5626489366192,39.9226613956643,0 -86.5815135584867,39.9226613956643,0 -86.5834898512137,39.9227302884518,0 -86.5858254709527,39.9227302884518,0 -86.5957967706079,39.9226613956643,0 -86.6188616668094,39.9226613956643,0 -86.6189300115346,39.9226500049242,0 -86.6191410123201,39.9226320046022,0 -86.6196347156206,39.9226669615152,0 -86.6271327305159,39.922773449059,0 -86.6281900116729,39.9227800048889,0 -86.6283003023319,39.9227900315321,0 -86.6289446054948,39.922799181859,0 -86.6338853386598,39.922799181859,0 -86.6339798063934,39.9228000051265,0 -86.6417905131612,39.9228680738189,0 -86.6483297040514,39.9229555439596,0 -86.6483297840015,39.9229555453374,0 -86.6560002296174,39.9230581475888,0 -86.6572415360502,39.9230747513496,0 -86.6665218390122,39.9229476598984,0 -86.6773637984173,39.922799181859,0 -86.6809296232088,39.922799181859,0 -86.6813809098582,39.922799181859,0 -86.6865266143166,39.922799181859,0 -86.6950783476505,39.922799181859,0 -86.6953301041022,39.922799181859,0 -86.6953301041022,39.9245903675122,0 -86.6953301041022,39.9309280359133,0 -86.6953301041022,39.9355431413818,0 -86.6953301041022,39.9382982809761,0 -86.6954199356306,39.9433261228572,0 -86.6954199356306,39.9485601965633,0 -86.6954199356306,39.9535184233184,0 -86.6954199356306,39.9586828606641,0 -86.695509767159,39.9701120943972,0 -86.695509767159,39.976514385321,0 -86.695509767159,39.9819524188241,0 -86.695509767159,39.9877341569343,0 -86.695509767159,39.9932401199586,0 -86.6955995986874,39.9994337963802,0 -86.6956894302159,40.0092048994349,0 -86.6956894302159,40.0147779315128,0 -86.6956894302159,40.0207632738628,0 -86.695761339456,40.0262149004449,0 -86.6957792617443,40.0275735406013,0 -86.6957792617443,40.0331450719293,0 -86.6958690932727,40.0393351285241,0 -86.6958690932727,40.0402292013684,0 -86.6958690932727,40.0432217250652,0 -86.6958690932727,40.0459372369254,0 -86.6957792617443,40.0508883974679,0 -86.6957792617443,40.054593688943,0 -86.6957794171528,40.0548078117251,0 -86.6958690932727,40.1788059869753,0 -86.6761959876494,40.1790118898868,0 -86.6601161449598,40.1787373525326,0 -86.6478092264639,40.1786000834389,0 -86.6344243278304,40.178531448788,0 -86.6211292616236,40.1784628133812,0 -86.617625832015,40.1784628133812,0 -86.6107986358547,40.1781882744917,0 -86.59795272729,40.177913733805,0 -86.5953476129657,40.177913733805,0 -86.5951679499089,40.1777764623588,0 -86.5820525467589,40.1777764623588,0 -86.5816033891168,40.1777764623588,0 -86.5811542314747,40.177707827561,0 -86.5807050738326,40.1776391920075,0 -86.57980675765,40.1776391920075,0 -86.5732490569733,40.1776391920075,0 -86.5595048331244,40.177707827561,0 -86.5445029678775,40.177707827561,0 -86.5292316080454,40.1775019206922,0 -86.5150382274526,40.1774332849304,0 -86.4871904527427,40.1772960138849,0 -86.4817107286105,40.1772273779149,0 -86.4682360002451,40.1770214689017,0 -86.4637444238239,40.1770214689017,0 -86.4504493576171,40.1768841963368,0 -86.4473711778877,40.176920944916,0 -86.4332017041596,40.1770901043937,0 -86.4301474321932,40.1770214689017,0 -86.4236795621466,40.1770901043937,0</coordinates></LinearRing></outerBoundaryIs></Polygon></Placemark>
<Placemark><name>Terre Haute North Ll</name><styleUrl>#d8</styleUrl><Polygon><outerBoundaryIs><LinearRing><coordinates>-87.4605695873662,39.2844439569691,0 -87.4604370472342,39.2884154390062,0 -87.460607455847,39.2927383823317,0 -87.4605695873662,39.30196953737,0 -87.4604559819238,39.3173960357203,0 -87.4603045080005,39.325466855904,0 -87.4603083078742,39.3392888799261,0 -87.4663155577756,39.3393096949975,0 -87.469588325172,39.3392722271698,0 -87.4695829424668,39.3453709329297,0 -87.4695129655028,39.3459953440191,0 -87.4693806508479,39.3468404012597,0 -87.4825735884884,39.3467435708408,0 -87.4959941861714,39.3467171629636,0 -87.5069745463173,39.3467100104521,0 -87.5163789254847,39.346678782812,0 -87.519067142956,39.3467238528119,0 -87.531650012229,39.3478900051587,0 -87.531690012412,39.3710400046491,0 -87.5314200120752,39.375040004636,0 -87.5313700118465,39.4116920063203,0 -87.5313600118008,39.4190200045283,0 -87.5313600944458,39.4365666130099,0 -87.5313712856576,39.4365641930552,0 -87.5313845322148,39.4380781961712,0 -87.5314578625897,39.4464585936276,0 -87.5314672257299,39.4475285466832,0 -87.5315998817446,39.4662237813092,0 -87.5316083303998,39.4678140323543,0 -87.5316550472862,39.4766061904806,0 -87.5316577242657,39.4771100049005,0 -87.5316610686935,39.4777392378753,0 -87.5316700123205,39.4779700047372,0 -87.5316800123662,39.480810004661,0 -87.5317500117881,39.4865200050004,0 -87.5317200116509,39.486600005139,0 -87.5317500117881,39.4876600046996,0 -87.5317400117424,39.4881000050822,0 -87.5317600118339,39.4901800049984,0 -87.5317500117881,39.4914000051682,0 -87.5317700118796,39.4916700046026,0 -87.5317100116052,39.4919700051324,0 -87.531690012412,39.4921500045516,0 -87.5317200116509,39.4925700050813,0 -87.5317300116966,39.4933200050148,0 -87.5317700118796,39.4936800047154,0 -87.5317700118796,39.4938200048658,0 -87.5316750123434,39.4940200044927,0 -87.5317300116966,39.4986000046458,0 -87.5318100120626,39.5000300046436,0 -87.5319500118047,39.5245400047788,0 -87.5318090122377,39.5350280046103,0 -87.5318950124514,39.5376510049045,0 -87.5318200121084,39.5441600047649,0 -87.5318400121998,39.5452900045246,0 -87.5318400121998,39.5464100047834,0 -87.5318700123371,39.5474800046653,0 -87.5318400121998,39.5548300049869,0 -87.5318700123371,39.5597600048772,0 -87.5318700123371,39.5620600047921,0 -87.5318500122456,39.5637000051009,0 -87.5318700123371,39.5639700047147,0 -87.5320200121249,39.5683500051012,0 -87.5321899706818,39.6073054555748,0 -87.5295971147678,39.6073054555748,0 -87.5284276996089,39.6073054555748,0 -87.5199835350386,39.6073054555748,0 -87.5152224640322,39.6073054555748,0 -87.5056110501412,39.6073054555748,0 -87.5047868988685,39.6073061684283,0 -87.5004002618421,39.6075130825057,0 -87.4999511042,39.6075130825057,0 -87.4958188538925,39.6075130825057,0 -87.4891713207891,39.6075130825057,0 -87.4826303853706,39.6073958889452,0 -87.4780133286772,39.6074286337871,0 -87.4770440644518,39.6074438735979,0 -87.4735922744974,39.6074438735979,0 -87.4723003057774,39.6074438735979,0 -87.4721033303884,39.6074438735979,0 -87.4662006677423,39.6074438735979,0 -87.465720011573,39.6075400047521,0 -87.462817601602,39.6075400047521,0 -87.4570200121998,39.6075400047521,0 -87.4555809991493,39.6075462342401,0 -87.4520708995498,39.6075822913443,0 -87.4509200408897,39.6075822913443,0 -87.4459099937173,39.6076249717085,0 -87.4440882354737,39.6076282321331,0 -87.437510011886,39.6076400045419,0 -87.437250011595,39.6076500045129,0 -87.4370633362891,39.6076514994216,0 -87.4272600117106,39.6077300049212,0 -87.4185588714769,39.6077367762958,0 -87.4158687935947,39.607789917445,0 -87.413716228951,39.607789917445,0 -87.4130200121479,39.6078400050723,0 -87.4103653719053,39.607789917445,0 -87.4094009235482,39.607789917445,0 -87.4072237872865,39.6078392500071,0 -87.4072200116674,39.6078400050723,0 -87.4071904651794,39.6078400050723,0 -87.4063466515817,39.6078591253148,0 -87.4014059175184,39.6078591253148,0 -87.3981673049674,39.6078591253148,0 -87.3893660771397,39.6079043295417,0 -87.3871227044989,39.6079283344996,0 -87.3846922927344,39.6079283344996,0 -87.3820921389071,39.6079283344996,0 -87.3814054163982,39.6079400051209,0 -87.3811900120711,39.6079400051209,0 -87.3811624885891,39.6079441334046,0 -87.3809900120546,39.6079700048996,0 -87.3804400122336,39.6080200045021,0 -87.3801000115766,39.6080300051103,0 -87.3798400121839,39.6080200045021,0 -87.3794600122422,39.6080300051103,0 -87.3792700122714,39.6080300051103,0 -87.3781600116854,39.6080300051103,0 -87.3770800121349,39.6080500049383,0 -87.3736868938466,39.6080711785336,0 -87.3698750510414,39.6081359595626,0 -87.361127776928,39.6081948163101,0 -87.3609600120571,39.6082000048481,0 -87.3574200120333,39.6082300045142,0 -87.3563008432415,39.6082272950148,0 -87.3532900120056,39.6082200046269,0 -87.3393900122015,39.6082280050906,0 -87.3279700120639,39.6082400050921,0 -87.326019043743,39.6082562627759,0 -87.3135506827193,39.6082051677786,0 -87.3063064311119,39.6081825719958,0 -87.2913622951984,39.6081359595626,0 -87.2797740280317,39.6079975429231,0 -87.2527347379759,39.6078591253148,0 -87.2382718618996,39.6076514994216,0 -87.2128495393554,39.6073054555748,0 -87.1989256524496,39.6070978273293,0 -87.1991053155065,39.6001765533151,0 -87.1991951470349,39.5861242389704,0 -87.1992849785634,39.5738694003263,0 -87.1994646407219,39.558149573301,0 -87.1996443055754,39.5460283313827,0 -87.1998239677339,39.5303021946608,0 -87.2000934623192,39.5198392225032,0 -87.2265937632044,39.5203935917012,0 -87.238990514127,39.5206707746409,0 -87.238990514127,39.5000869333105,0 -87.2391701771838,39.4849743746338,0 -87.2390803465537,39.4778328945903,0 -87.2393498402406,39.4777635569318,0 -87.2392600087122,39.4772781858402,0 -87.2391701771838,39.4771395079615,0 -87.2392600087122,39.4622993775651,0 -87.2394396717691,39.4459299565658,0 -87.239619334826,39.4280301683117,0 -87.239619334826,39.4146370107567,0 -87.2397091663544,39.3992282265505,0 -87.2397091663544,39.3901340584356,0 -87.2483329930831,39.390203483362,0 -87.2583941242666,39.3902729096078,0 -87.2705213797056,39.3902729096078,0 -87.2780672289916,39.3902729096078,0 -87.2977403337166,39.3902729096078,0 -87.3018807452184,39.3902729096078,0 -87.3023474092288,39.3903091094515,0 -87.3024575543608,39.390335223147,0 -87.3027097905128,39.3902805054532,0 -87.3032469102892,39.3902712808852,0 -87.3042644517746,39.3902643619376,0 -87.30450615518,39.39028973002,0 -87.3051327938711,39.3904580790184,0 -87.3051298105661,39.3902874237049,0 -87.308522611749,39.3902943419559,0 -87.3168211001229,39.3903021252478,0 -87.3237087645799,39.3903100078172,0 -87.3373073149274,39.3903310104103,0 -87.3423915126365,39.3903388631236,0 -87.3594091497706,39.3904180379462,0 -87.3600238336819,39.390453227576,0 -87.3600352171332,39.3930571665001,0 -87.3601604306057,39.3935234025555,0 -87.3604677721122,39.3939896348011,0 -87.360866178534,39.3942975226654,0 -87.3658747138418,39.3963383436643,0 -87.3696880307824,39.3978953094671,0 -87.3715584085441,39.3984255105133,0 -87.3719532540442,39.3985374383528,0 -87.3725451719513,39.3970420613683,0 -87.3730574083943,39.3939896348011,0 -87.3730801752969,39.3844884322334,0 -87.3731370898584,39.3795525746572,0 -87.3733533673479,39.3783735480486,0 -87.3738200717824,39.3773616808309,0 -87.3749583755881,39.3759186451073,0 -87.3764040209004,39.374871545532,0 -87.3779748796851,39.3741324070871,0 -87.3882879092541,39.3693630156804,0 -87.3882309946926,39.3681662169056,0 -87.3882879092541,39.3613898372443,0 -87.3884017401736,39.3515497154293,0 -87.3883393926014,39.3478993166042,0 -87.3883220587096,39.3468844152316,0 -87.387879427328,39.3318511706322,0 -87.388295462289,39.3137566075584,0 -87.3884341415076,39.3073902131644,0 -87.3884803670155,39.2882517777089,0 -87.3886984986278,39.2737619172663,0 -87.3698367271148,39.2736673584235,0 -87.3700260695188,39.2629559500175,0 -87.3702343466124,39.25905632821,0 -87.3701396749612,39.2555963325332,0 -87.3701586096508,39.2531625034861,0 -87.3702715180005,39.248307449936,0 -87.3791670338988,39.2482894321963,0 -87.3796323621143,39.2482894321963,0 -87.3819546382781,39.2482500178527,0 -87.3843297488554,39.2482218649353,0 -87.3866685055114,39.2482594023879,0 -87.388873965654,39.2482030965494,0 -87.3888860839271,39.2445806782875,0 -87.3984713514535,39.2445525238971,0 -87.4079165356944,39.2446617623674,0 -87.4126008357784,39.2445296248362,0 -87.4266091409647,39.2446182169931,0 -87.4451131916534,39.2447120643651,0 -87.460692462524,39.2447098123802,0 -87.4606884416648,39.2593112410417,0 -87.4605317188854,39.273905983042,0 -87.4605695873662,39.2844439569691,0</coordinates></LinearRing></outerBoundaryIs></Polygon></Placemark>
<Placemark><name>Tri West Ll</name><styleUrl>#d8</styleUrl><Polygon><outerBoundaryIs><LinearRing><coordinates>-86.4497307053897,39.9232814289454,0 -86.436255976126,39.9234192125145,0 -86.4354474923702,39.9233503204201,0 -86.4308660844206,39.9234881045394,0 -86.4308660844206,39.9197678359947,0 -86.4307762528921,39.9161162647633,0 -86.4306864213637,39.9088125388724,0 -86.4304169267784,39.8942027486798,0 -86.4302372637216,39.8830365646781,0 -86.4302372637216,39.8796587803951,0 -86.4301474321932,39.8755224913984,0 -86.4300576006647,39.8720753933319,0 -86.4300576006647,39.8696623216069,0 -86.4300576006647,39.8666975744224,0 -86.4298779376079,39.8660770297271,0 -86.4296982754494,39.8655254297304,0 -86.4296982754494,39.8651117268226,0 -86.4297881060794,39.8646980214202,0 -86.4299677691363,39.8644222164327,0 -86.4302372637216,39.8642153619646,0 -86.4304169267784,39.8638016518468,0 -86.4302372637216,39.8576646479185,0 -86.4301474321932,39.854837304464,0 -86.4300576006647,39.8504926228985,0 -86.4300576006647,39.8500098635269,0 -86.4302372637216,39.8492512347979,0 -86.4299677691363,39.8487684666962,0 -86.4300576006647,39.8480098249382,0 -86.4299677691363,39.8469752983092,0 -86.4298779376079,39.8462166353561,0 -86.4300576006647,39.8457338466042,0 -86.4299677691363,39.8453889949246,0 -86.4297881060794,39.844906199663,0 -86.4297881060794,39.8443544294928,0 -86.4298779376079,39.8440095708846,0 -86.4307762528921,39.8427680655536,0 -86.4346390086144,39.842699092377,0 -86.4392204174624,39.8426301184414,0 -86.4392204174624,39.8393882984243,0 -86.4391305850356,39.8352495815102,0 -86.4389509219788,39.8283511657491,0 -86.4388610904503,39.8231768999858,0 -86.4388610904503,39.8221419999342,0 -86.4387712589219,39.8206241176407,0 -86.4387712589219,39.8181402383688,0 -86.4386814273935,39.8175192553855,0 -86.4385915958651,39.8168982654112,0 -86.4386814273935,39.8157252703429,0 -86.4385915958651,39.8138622377184,0 -86.4385915958651,39.8132412153917,0 -86.4386814273935,39.8129652036677,0 -86.4385017643366,39.8059265309256,0 -86.4384119328082,39.7990251704094,0 -86.4565579024483,39.7990251704094,0 -86.4566477330784,39.804960381558,0 -86.4673376849609,39.8050984036288,0 -86.4673376849609,39.8044082905039,0 -86.476949657604,39.8048913704187,0 -86.487459947328,39.8050293926281,0 -86.49599394163,39.8050293926281,0 -86.5005753504779,39.804960381558,0 -86.5053364214844,39.804960381558,0 -86.5053364214844,39.8123441739264,0 -86.5053364214844,39.8232458913885,0 -86.5053364214844,39.8269713994634,0 -86.5054262530129,39.8343528266385,0 -86.5248298631525,39.8342838443198,0 -86.5288722819316,39.8342838443198,0 -86.5430656634227,39.8342838443198,0 -86.5537556153052,39.8343528266385,0 -86.5618404528634,39.8343528266385,0 -86.5715422579333,39.8343528266385,0 -86.5766626550534,39.8343528266385,0 -86.5766626550534,39.8338009716672,0 -86.5765728226267,39.8194511868546,0 -86.5811542314747,39.8194511868546,0 -86.5878915961065,39.819382189572,0 -86.6189733049414,39.819382189572,0 -86.6377480943821,39.8194511868546,0 -86.6564330522944,39.8194511868546,0 -86.6754773363204,39.8195891784521,0 -86.6867961089018,39.8196581755269,0 -86.6867961089018,39.8262815059291,0 -86.686616445845,39.8273853329487,0 -86.6867062773734,39.8306277195376,0 -86.6867961089018,39.8354565239692,0 -86.6867961089018,39.8414575633511,0 -86.6867961089018,39.8486305323293,0 -86.6868859404303,39.8575267314279,0 -86.6867961089018,39.8648359234982,0 -86.6949707779884,39.8648359234982,0 -86.6950606095169,39.8793830355568,0 -86.6951504410453,39.893927062333,0 -86.695240273472,39.9013012908831,0 -86.6953301041022,39.9084680035442,0 -86.695240273472,39.9157028663829,0 -86.6953301041022,39.922799181859,0 -86.6865266143166,39.922799181859,0 -86.6773637984173,39.922799181859,0 -86.6572415360502,39.9230747513496,0 -86.6417905131612,39.9228680738189,0 -86.6338853386598,39.922799181859,0 -86.6289446054948,39.922799181859,0 -86.6192427986283,39.9226613956643,0 -86.5957967706079,39.9226613956643,0 -86.5858254709527,39.9227302884518,0 -86.5834898512137,39.9227302884518,0 -86.5815135584867,39.9226613956643,0 -86.5626489366192,39.9226613956643,0 -86.5437843156501,39.9225925028075,0 -86.5342621736371,39.9225236098813,0 -86.5154873841964,39.9225236098813,0 -86.4966227632272,39.9226613956643,0 -86.4871006212143,39.922799181859,0 -86.4731767343085,39.9227302884518,0 -86.4685953263588,39.9227302884518,0 -86.4682360002451,39.9230747513496,0 -86.4593426789311,39.9232125353346,0 -86.4497307053897,39.9232814289454,0</coordinates></LinearRing></outerBoundaryIs></Polygon></Placemark>
<Placemark><name>Washington Township Ll</name><styleUrl>#d8</styleUrl><Polygon><outerBoundaryIs><LinearRing><coordinates>-86.1266965291754,39.9566171325255,0 -86.1267863607038,39.9522100379658,0 -86.1267863607038,39.9488356623455,0 -86.1267863607038,39.9416043005592,0 -86.1267863607038,39.9371962373466,0 -86.1267863607038,39.9342344115455,0 -86.1267863607038,39.926932617408,0 -86.1123234846274,39.926932617408,0 -86.1123234846274,39.924177020977,0 -86.1121438215706,39.9221102508688,0 -86.1121438215706,39.9189410828907,0 -86.1121438215706,39.9174253409901,0 -86.112862473798,39.9139114489301,0 -86.1139404521391,39.9121888859464,0 -86.1146591043665,39.9115687529153,0 -86.1160964088213,39.9097772259545,0 -86.1170845556339,39.9088125388724,0 -86.1180727015483,39.9077789283784,0 -86.1191506807877,39.9066763954878,0 -86.1195100069014,39.906125121355,0 -86.1198693330151,39.9055738448536,0 -86.1207676482993,39.9041267186254,0 -86.121126974413,39.9035754246657,0 -86.121486301425,39.9028173889174,0 -86.121755795112,39.9014391186742,0 -86.121755795112,39.9005432285972,0 -86.1216659635836,39.8993027453874,0 -86.1216659635836,39.8981311586324,0 -86.1218456266404,39.8964771187294,0 -86.1216659635836,39.8952365626042,0 -86.121755795112,39.891790455547,0 -86.1224744473394,39.8915147594975,0 -86.1236422572089,39.8915836836138,0 -86.1256185508342,39.892755382988,0 -86.1275050129312,39.8930999966392,0 -86.1307389479544,39.8937892187438,0 -86.1328050731082,39.8942027486798,0 -86.1333440622788,39.894271669404,0 -86.1340627154045,39.894271669404,0 -86.1343322090914,39.894064905645,0 -86.1357695135462,39.8934446085578,0 -86.1371169855743,39.8915836836138,0 -86.1376559756431,39.8905498145916,0 -86.1458306447298,39.8905498145916,0 -86.1458306447298,39.8866898984434,0 -86.1458306447298,39.8847598599029,0 -86.1458306447298,39.88317442989,0 -86.1472679491846,39.883243362392,0 -86.1495137373952,39.8831054973187,0 -86.15265784089,39.8830365646781,0 -86.157868070437,39.8831054973187,0 -86.157957901067,39.8773149139269,0 -86.1570595857828,39.8743504974936,0 -86.1560714389701,39.8710412294404,0 -86.1589460478797,39.869179696386,0 -86.1607426775499,39.8671802164161,0 -86.1616409937325,39.8638706024422,0 -86.162179982903,39.862146782983,0 -86.1627189720736,39.8598023173914,0 -86.1629884666588,39.8549062654462,0 -86.1639766125732,39.8533891078314,0 -86.1686478529496,39.8519408806428,0 -86.1773615112067,39.8510443437373,0 -86.1787988156615,39.8502857264406,0 -86.1799666264294,39.8485615643522,0 -86.1797869615759,39.8467683919403,0 -86.1787988156615,39.8417334606301,0 -86.1778106688489,39.8375948843606,0 -86.1778106688489,39.8354565239692,0 -86.1783496580194,39.8346287524615,0 -86.1805056147016,39.8333180949302,0 -86.184188707367,39.8318694443509,0 -86.1839192127817,39.83124858475,0 -86.1844582019523,39.8307656893799,0 -86.1847276974359,39.8303517776419,0 -86.1852666857081,39.8295239453043,0 -86.186524327106,39.8280752147088,0 -86.1868836532197,39.8274543208155,0 -86.1870633162766,39.8267644314406,0 -86.1875124739187,39.824556741785,0 -86.1902074197714,39.824556741785,0 -86.1917345557546,39.824556741785,0 -86.1974837735738,39.8244877503187,0 -86.1991007410854,39.8244187587831,0 -86.2028736652793,39.8240048074246,0 -86.2045804643194,39.8240737993759,0 -86.2114076595813,39.8239358154041,0 -86.2163483954413,39.8239358154041,0 -86.2164382260714,39.8262815059291,0 -86.2163483954413,39.8273163436327,0 -86.2163483954413,39.8284891408536,0 -86.2164382260714,39.8284891408536,0 -86.2164382260714,39.8294549588259,0 -86.2163483954413,39.8294549588259,0 -86.2163483954413,39.8304207639096,0 -86.2163483954413,39.8335250425189,0 -86.2163483954413,39.8347667149573,0 -86.2163483954413,39.836008364949,0 -86.2163483954413,39.836767139315,0 -86.2164382260714,39.8373879497243,0 -86.2165280575998,39.8384226194298,0 -86.2165280575998,39.8388364839129,0 -86.2165280575998,39.8392503459019,0 -86.2163483954413,39.839733180932,0 -86.2163483954413,39.8400780603281,0 -86.2163483954413,39.84035396246,0 -86.2164382260714,39.8407678159935,0 -86.2165280575998,39.8418024347767,0 -86.2166178891282,39.8461476663335,0 -86.2167077206566,39.8535959949354,0 -86.2167975521851,39.8572508976152,0 -86.2168873837135,39.8609056056599,0 -86.2169772152419,39.8649738259885,0 -86.2170670467704,39.867869698399,0 -86.2158094053724,39.867869698399,0 -86.2122161442354,39.8679386469746,0 -86.2063770948878,39.8680075947915,0 -86.2017058554098,39.868076542539,0 -86.2034126535515,39.8714548979711,0 -86.2069160840584,39.8789694169097,0 -86.209790692968,39.8847598599029,0 -86.2117669865933,39.8889645184717,0 -86.2133839541049,39.8922729209655,0 -86.215719573844,39.8970973883713,0 -86.217426372884,39.9005432285972,0 -86.2175162044125,39.9009567177805,0 -86.2197619926231,39.9054360233124,0 -86.2214687916631,39.9090881646471,0 -86.222636602431,39.9116376568626,0 -86.2244332321012,39.9153583664006,0 -86.2284756508802,39.9236947808875,0 -86.2296434607498,39.926174839446,0 -86.2248823897433,39.9262437286982,0 -86.2238044114022,39.9262437286982,0 -86.2229959276464,39.9262437286982,0 -86.2220077808337,39.9261059494355,0 -86.222277275419,39.9270015058977,0 -86.222277275419,39.9287236956115,0 -86.222277275419,39.9317546449672,0 -86.222277275419,39.9339588869746,0 -86.222277275419,39.9350609806695,0 -86.222277275419,39.9386426648515,0 -86.2223671069474,39.9409155595078,0 -86.2223671069474,39.9438770968414,0 -86.2223671069474,39.9450479018258,0 -86.2224569375775,39.9486979299374,0 -86.2223671069474,39.9515214029919,0 -86.2224569375775,39.9544136203994,0 -86.2224569375775,39.9550333653608,0 -86.2223671069474,39.9557908237981,0 -86.2212891286063,39.9554465255484,0 -86.2192230025542,39.955515385337,0 -86.2119466496502,39.9555842443677,0 -86.2071855786436,39.9556531047062,0 -86.2025143391656,39.9557219649754,0 -86.196675289818,39.9557908237981,0 -86.1929921971526,39.9557908237981,0 -86.1840090443101,39.9559285426127,0 -86.1796971309458,39.9559285426127,0 -86.17888864719,39.9559974019159,0 -86.1778106688489,39.9559285426127,0 -86.1748462284108,39.9559974019159,0 -86.1698156628191,39.9560662604613,0 -86.1646054341705,39.9560662604613,0 -86.16244947659,39.9561351203145,0 -86.1577782380102,39.9562039794098,0 -86.1551731236859,39.9562728384358,0 -86.1531069994304,39.9563416973924,0 -86.1459204762582,39.956479414409,0 -86.1411594052517,39.956479414409,0 -86.1309186110113,39.9565482738462,0 -86.1266965291754,39.9566171325255,0</coordinates></LinearRing></outerBoundaryIs></Polygon></Placemark>
<Placemark><name>Zionsville Ll</name><styleUrl>#d8</styleUrl><Polygon><outerBoundaryIs><LinearRing><coordinates>-86.2538081418959,40.0850553534731,0 -86.2415910540302,40.0853302695129,0 -86.2320165546092,40.0853723755555,0 -86.2318038524145,40.0707788649052,0 -86.231780219536,40.0671254770587,0 -86.2223740536195,40.0672339965641,0 -86.212873353494,40.0673425158966,0 -86.1939806682571,40.0676029607643,0 -86.1797929560338,40.0677534397048,0 -86.1680514111267,40.0678847682959,0 -86.1658520433584,40.0678942504973,0 -86.1657157446753,40.0678895097405,0 -86.1655856416726,40.0678136500245,0 -86.1655360780252,40.0677235665449,0 -86.1655447422761,40.067568234702,0 -86.1655447422761,40.064257610847,0 -86.1480596721738,40.0643617940438,0 -86.1388331217034,40.0645238562485,0 -86.1371088162951,40.0644080978648,0 -86.1355962662571,40.0646048868626,0 -86.1321325287094,40.0646859173802,0 -86.1278633589829,40.0647967920081,0 -86.1280849230579,40.0618292995224,0 -86.1285280530044,40.0601617943237,0 -86.1295620219814,40.0578159124196,0 -86.1322946548553,40.0540566810056,0 -86.1345841586809,40.0500145690891,0 -86.1353596356382,40.0475269970331,0 -86.1358766196776,40.0454068348313,0 -86.1359504746686,40.0426081201172,0 -86.1358027646864,40.0359642467543,0 -86.1352181294214,40.0326133625075,0 -86.1343257250517,40.0290230767411,0 -86.1291376811974,40.0146832109814,0 -86.1279276415263,40.0110340563448,0 -86.1275679390185,40.0091277207642,0 -86.1274571560827,40.0074589264611,0 -86.1272355911094,40.0032160455025,0 -86.1269401720434,40.0002458717308,0 -86.1262385500771,39.9962288602031,0 -86.123025859312,39.9932583824972,0 -86.1182991434752,39.9895521770453,0 -86.1151972356459,39.9867511707083,0 -86.1143479036975,39.9857608888874,0 -86.1133877897116,39.9837802814932,0 -86.1127600227364,39.9821108676829,0 -86.1128338777275,39.9806677816502,0 -86.1127969497828,39.9783191658695,0 -86.1127416476973,39.9711702746286,0 -86.1128626516644,39.9683418434354,0 -86.1133315417001,39.9640526059683,0 -86.1136038004015,39.9620238186822,0 -86.1137550551358,39.960667396492,0 -86.1139063098701,39.9583138814387,0 -86.1139365615356,39.9566443433907,0 -86.1266965291754,39.9566171325255,0 -86.1309186110113,39.9565482738462,0 -86.1411594052517,39.956479414409,0 -86.1459204762582,39.956479414409,0 -86.1531069994304,39.9563416973924,0 -86.1551731236859,39.9562728384358,0 -86.1577782380102,39.9562039794098,0 -86.16244947659,39.9561351203145,0 -86.1646054341705,39.9560662604613,0 -86.1698156628191,39.9560662604613,0 -86.1748462284108,39.9559974019159,0 -86.1771590327383,39.9559436792707,0 -86.1858702799172,39.9559000086743,0 -86.1929921971526,39.9557908237981,0 -86.196675289818,39.9557908237981,0 -86.2025143391656,39.9557219649754,0 -86.2071855786436,39.9556531047062,0 -86.2119466496502,39.9555842443677,0 -86.2192230025542,39.955515385337,0 -86.2212891286063,39.9554465255484,0 -86.2223671069474,39.9557908237981,0 -86.2224569375775,39.9550333653608,0 -86.2224569375775,39.9544136203994,0 -86.2223671069474,39.9515214029919,0 -86.2224569375775,39.9486979299374,0 -86.2223671069474,39.9450479018258,0 -86.2223671069474,39.9438770968414,0 -86.2223671069474,39.9409155595078,0 -86.222277275419,39.9386426648515,0 -86.222277275419,39.9350609806695,0 -86.222277275419,39.9339588869746,0 -86.222277275419,39.9317546449672,0 -86.222277275419,39.9287236956115,0 -86.222277275419,39.9270015058977,0 -86.2220077808337,39.9261059494355,0 -86.2229959276464,39.9262437286982,0 -86.2238044114022,39.9262437286982,0 -86.2248823897433,39.9262437286982,0 -86.2296434607498,39.926174839446,0 -86.2329672273015,39.9261059494355,0 -86.2407825702744,39.9260370607335,0 -86.2411418963881,39.9261059494355,0 -86.2483284186621,39.9256926127393,0 -86.2509335329864,39.9255548323675,0 -86.2572217399761,39.925210382636,0 -86.2576301266807,39.9251999430057,0 -86.2599166858288,39.925141492344,0 -86.2605455074261,39.925141492344,0 -86.2648574198922,39.925141492344,0 -86.2661150612901,39.9250726019827,0 -86.2671930396312,39.9249348203631,0 -86.2680913549154,39.9249348203631,0 -86.270965963825,39.9248659304827,0 -86.2785118122127,39.9247281484472,0 -86.2836322093329,39.9246592583588,0 -86.2890221010384,39.9246592583588,0 -86.293603508988,39.9245903675122,0 -86.2976459277671,39.9245214765963,0 -86.3009696943188,39.9245214765963,0 -86.3072579013085,39.9243836945566,0 -86.3139952659403,39.9242459129285,0 -86.3213614512711,39.924177020977,0 -86.3261225222776,39.924177020977,0 -86.3302547725852,39.924177020977,0 -86.33169207704,39.924177020977,0 -86.3334887076084,39.924177020977,0 -86.3402260722403,39.9241081296452,0 -86.3446278171331,39.9241081296452,0 -86.3552279365888,39.924039238933,0 -86.3554076014423,39.9309280359133,0 -86.3557669266577,39.9449790314989,0 -86.3562160842998,39.9607485264022,0 -86.3563957473567,39.9679778643817,0 -86.356036421243,39.9679778643817,0 -86.3553177690156,39.968184406371,0 -86.3537906330324,39.9682532533326,0 -86.3477719206279,39.9682532533326,0 -86.3366328111033,39.9683221009133,0 -86.321541114328,39.9683909463593,0 -86.3218106089133,39.9830537399973,0 -86.3219004404417,39.988904210378,0 -86.3220801026002,39.9975757529178,0 -86.3222597674537,40.0044571434096,0 -86.3223495980838,40.012094676906,0 -86.3224394296122,40.0207632738628,0 -86.3224394296122,40.0235837694287,0 -86.3224394296122,40.0265417255985,0 -86.3326802238526,40.0264041483978,0 -86.3366328111033,40.0262665729832,0 -86.3367226426317,40.0401604269505,0 -86.3478617521564,40.0399541039681,0 -86.3559465897146,40.0398165538201,0 -86.3559465897146,40.0483440956431,0 -86.3559465897146,40.0602396096794,0 -86.356036421243,40.0724767574252,0 -86.3562160842998,40.0799004728554,0 -86.3517245078786,40.0799692064861,0 -86.3453464693605,40.0800379407347,0 -86.3441786585926,40.0800379407347,0 -86.3413938821098,40.0803816109371,0 -86.3404955668256,40.0804503447694,0 -86.3372616318023,40.0805190785324,0 -86.3332192130232,40.0808627469936,0 -86.3240563971239,40.0816875418863,0 -86.3178580216626,40.0821686673398,0 -86.316241054151,40.082649790768,0 -86.3147139181677,40.0833371023841,0 -86.3130969506561,40.0841618686764,0 -86.306449418451,40.0842993286392,0 -86.2951306449712,40.0845055173756,0 -86.2794999590254,40.084574247732,0 -86.265665903648,40.0847804370104,0 -86.2538081418959,40.0850553534731,0</coordinates></LinearRing></outerBoundaryIs></Polygon></Placemark>
</Folder>
<Folder><name>District 7</name>
<Placemark><name>Beech Grove Little League</name><styleUrl>#d7</styleUrl><Polygon><outerBoundaryIs><LinearRing><coordinates>-86.1021640517006,39.7692446444192,0 -86.1020440224056,39.7692510298798,0 -86.0832334827116,39.7702515969037,0 -86.0829915187948,39.7578807236901,0 -86.0829485748326,39.7542875738039,0 -86.0828587433042,39.7528372578334,0 -86.0828587433042,39.7518012998494,0 -86.0827689117758,39.7456542905692,0 -86.0826790802474,39.7383324186749,0 -86.082589248719,39.7358455689205,0 -86.0822299226052,39.7326677954156,0 -86.0821400910768,39.7315624487919,0 -86.0822299226052,39.7309406835273,0 -86.0824994171905,39.7300425689355,0 -86.0801637965532,39.7283844785218,0 -86.0740552544169,39.7239627109699,0 -86.063544964693,39.7171222307042,0 -86.0566279370043,39.7126997409554,0 -86.0585143991012,39.7108339173575,0 -86.0607601873118,39.7088989379779,0 -86.0619358170159,39.7081987442152,0 -86.063544964693,39.7072403398435,0 -86.0668687312446,39.7057199225024,0 -86.0705518239101,39.7044759203232,0 -86.0740552544169,39.7037847983105,0 -86.0773790200703,39.7035774603568,0 -86.0792654821672,39.7035774603568,0 -86.0824994171905,39.7036465723861,0 -86.0824994171905,39.7003290844149,0 -86.0824994171905,39.6982555723223,0 -86.0824994171905,39.6963893594882,0 -86.0824994171905,39.6953525523926,0 -86.0824095856621,39.6945230955029,0 -86.0824994171905,39.6936936286459,0 -86.0824994171905,39.6934171374786,0 -86.082589248719,39.6904447874873,0 -86.082589248719,39.6881635948837,0 -86.082589248719,39.686227978414,0 -86.0824994171905,39.6806282109432,0 -86.0921113907319,39.680282531404,0 -86.09678263021,39.6802133959799,0 -86.0975012815391,39.6801442584125,0 -86.099747070648,39.6802133959799,0 -86.1012568844176,39.6801371996041,0 -86.1014835311604,39.6809609396926,0 -86.1032517102872,39.6863730457626,0 -86.1051093391585,39.6921930749665,0 -86.1060647217178,39.6951861399473,0 -86.1071095549198,39.6994222086923,0 -86.1082534345685,39.7035755735786,0 -86.1094001510968,39.7077389898159,0 -86.109922568147,39.7091610895855,0 -86.1107262845436,39.7106140744868,0 -86.1115300027369,39.7117269783661,0 -86.1119720484169,39.7121597693937,0 -86.1122935347959,39.7124070775307,0 -86.1130168807206,39.7127471245986,0 -86.1134589264006,39.7130562566537,0 -86.1143430150657,39.7134890393416,0 -86.1151869193932,39.7138599933752,0 -86.1166336112427,39.7143236844939,0 -86.120632106896,39.7157920163754,0 -86.1207526652987,39.7202895555332,0 -86.1207676482993,39.7231335979845,0 -86.1208574798278,39.726726348921,0 -86.1208574798278,39.7276935953435,0 -86.1208574798278,39.7292826154052,0 -86.1208574798278,39.7304570844444,0 -86.1209473113562,39.7377107144758,0 -86.1210166999237,39.7464757809196,0 -86.1211370553071,39.7585819025484,0 -86.1211970079709,39.7646115113993,0 -86.1212109606039,39.7660147696431,0 -86.1212155626731,39.7664775776003,0 -86.1211947091821,39.7680751664514,0 -86.1167644346942,39.7683580918909,0 -86.1064609263689,39.7690160848613,0 -86.1030704257713,39.7691964323769,0 -86.1021640517006,39.7692446444192,0</coordinates></LinearRing></outerBoundaryIs></Polygon></Placemark>
<Placemark><name>Ben Davis Little League</name><styleUrl>#d7</styleUrl><Polygon><outerBoundaryIs><LinearRing><coordinates>-86.327372859474,39.8263700893364,0 -86.327129000112,39.8261304790315,0 -86.326746608855,39.8257562128971,0 -86.3263632402311,39.8253712104753,0 -86.3259117963766,39.8249090856427,0 -86.3254944013663,39.824484280736,0 -86.325196203811,39.8241872130243,0 -86.3248926496018,39.8238884647604,0 -86.3245731476012,39.8235706470748,0 -86.3243036566092,39.8233075688076,0 -86.3240139589132,39.8230212713319,0 -86.3237200454236,39.8227258710716,0 -86.3233472876998,39.8223557646467,0 -86.3230459047185,39.8220545439562,0 -86.3225826848489,39.8215873816126,0 -86.3221812735625,39.8211774983803,0 -86.3217521411647,39.8207435278417,0 -86.3213059425731,39.820295431142,0 -86.321020595418,39.8200033668497,0 -86.3205009406873,39.8194789358847,0 -86.3200398632997,39.8190125929649,0 -86.3196874101962,39.8186549571328,0 -86.3192785069603,39.8182417141574,0 -86.3189356272028,39.8178948552709,0 -86.3185479825981,39.8175073096746,0 -86.3183052218757,39.8172592092157,0 -86.3181454897401,39.8170982211234,0 -86.3179137666176,39.8168179869569,0 -86.3177117040691,39.816584959698,0 -86.3175201850471,39.8163742744283,0 -86.3172530709974,39.8160722153892,0 -86.3169565892243,39.8156909088756,0 -86.3164669822416,39.8150249717036,0 -86.316140630587,39.8145997372246,0 -86.3158616947081,39.8141925503079,0 -86.3153053518829,39.813350129313,0 -86.3152336726114,39.8132445502966,0 -86.3121312985564,39.8121512793523,0 -86.3097537849858,39.8112405924561,0 -86.3077940221584,39.8105377032013,0 -86.307631618433,39.8108823130763,0 -86.3073501942208,39.8114531621063,0 -86.3071237792433,39.8118429817163,0 -86.3066532911048,39.8123447024947,0 -86.3061405201641,39.8127189947544,0 -86.3052352231735,39.8131436798754,0 -86.3042393310864,39.8134992618902,0 -86.3037549343323,39.8137294898374,0 -86.3033157632612,39.8139580209425,0 -86.3029506340308,39.8142582690064,0 -86.3026590795171,39.8144883991893,0 -86.3021186198044,39.8149941510192,0 -86.3013652593694,39.8157924358909,0 -86.3006039021317,39.8165116684584,0 -86.3001612114613,39.8169672658777,0 -86.2945842518861,39.8147302236325,0 -86.2839915354466,39.8104810489672,0 -86.2814762526507,39.8093079436924,0 -86.2791406329116,39.8077897786313,0 -86.2753677087178,39.8057885098271,0 -86.2751857154311,39.8011181009663,0 -86.2751694325683,39.8007928623622,0 -86.2749185510757,39.7970926655356,0 -86.273930404263,39.7940557624496,0 -86.2716846160524,39.7896382095017,0 -86.2709687441108,39.7876441574208,0 -86.270522855438,39.7854572126903,0 -86.2704585091142,39.784755486748,0 -86.2703664865948,39.7836947568813,0 -86.2703302162169,39.7830584183896,0 -86.270299168644,39.781722276314,0 -86.2702855771338,39.7811373845102,0 -86.2702754279677,39.7807005799764,0 -86.2702594801765,39.7800142544328,0 -86.2702477993828,39.7794726016764,0 -86.2592861349746,39.779802345614,0 -86.2586952303672,39.7794910979813,0 -86.257666127564,39.7792308713878,0 -86.2515579034314,39.7785114207403,0 -86.2505221593834,39.7782460899218,0 -86.2466978794031,39.7770418808013,0 -86.243590652649,39.7762050449653,0 -86.2417316268975,39.7758376506106,0 -86.239527355226,39.7749803894899,0 -86.2356499596596,39.7730821297498,0 -86.2347470045769,39.7724289534702,0 -86.2342158550039,39.7710205198401,0 -86.2335784751569,39.7682648054495,0 -86.2332597852334,39.7674584839515,0 -86.2328083072428,39.7668358749459,0 -86.232529454009,39.7665194638349,0 -86.2312546934166,39.7656927064277,0 -86.2305641988818,39.7654375339693,0 -86.2295948502148,39.7653558779475,0 -86.2282271382451,39.765059874316,0 -86.2267224799069,39.7651695654111,0 -86.2237087713671,39.7652460007117,0 -86.221964798244,39.7652283616443,0 -86.2213375801395,39.7651225299075,0 -86.2207103611366,39.7648520673699,0 -86.2203891029298,39.7645463273618,0 -86.2199684084074,39.7638878055448,0 -86.2192341030362,39.7632351579807,0 -86.2174977790677,39.7621767943697,0 -86.2156620178854,39.7617005264044,0 -86.2138033092392,39.7611007764387,0 -86.211799270248,39.7607950183931,0 -86.2109884751269,39.7607156398405,0 -86.2105295348314,39.7605304203299,0 -86.2103956777692,39.7603216819614,0 -86.2104836408018,39.7600894203779,0 -86.210770478262,39.7595337573705,0 -86.2111452796531,39.7586517425683,0 -86.2110611407486,39.7582930538933,0 -86.2108240214462,39.7577932377729,0 -86.2108316706008,39.7574757057206,0 -86.2110496665675,39.7572493156008,0 -86.2114129946758,39.7571434709102,0 -86.2119369523366,39.7571522918252,0 -86.2121243525831,39.7570729076927,0 -86.2124417866618,39.7570493868343,0 -86.2134476302856,39.7567700736965,0 -86.2136044348117,39.7566054247235,0 -86.2133443689436,39.7557233724184,0 -86.2130231107367,39.7550059613168,0 -86.2126177136254,39.7546060908701,0 -86.2120287403958,39.7543179458564,0 -86.2089385421062,39.7530712663094,0 -86.2081736410147,39.7522068118436,0 -86.2078370853968,39.7510953527698,0 -86.2078217870875,39.750527854619,0 -86.2076804272961,39.7500843518934,0 -86.207375534597,39.7492932028637,0 -86.2061559673941,39.7484727413727,0 -86.2047839542908,39.7473006375656,0 -86.2030689365642,39.7458647828813,0 -86.2018112592336,39.7447805468567,0 -86.20131580871,39.7438721184291,0 -86.201277697684,39.7428171554607,0 -86.2007441370328,39.7407071803791,0 -86.1999437956067,39.738714367467,0 -86.1991053431546,39.7379817015192,0 -86.1977333300514,39.7376593255374,0 -86.1969329886253,39.7373662554684,0 -86.1965854582896,39.736743607908,0 -86.1975736051022,39.736121889377,0 -86.1983820888581,39.7355001659287,0 -86.1985617519149,39.7352929226119,0 -86.1995391360122,39.7344339298239,0 -86.2010770347108,39.73308229583,0 -86.2034126535515,39.7310097688336,0 -86.2045804643194,39.7301807405882,0 -86.2063770948878,39.7290753533951,0 -86.2077245678142,39.7283844785218,0 -86.2175162044125,39.7238245268555,0 -86.2176060359409,39.7238245268555,0 -86.2201213187368,39.7226499434483,0 -86.222636602431,39.7214753414154,0 -86.2248823897433,39.7205080077624,0 -86.2251518843286,39.7203698153432,0 -86.2251518843286,39.7206461999047,0 -86.2256010419707,39.7205771035227,0 -86.229912955335,39.7203698153432,0 -86.232158744444,39.7203007193753,0 -86.2334163849436,39.7202316233381,0 -86.2345841948131,39.7202316233381,0 -86.235841836211,39.7202316233381,0 -86.2405130756891,39.7204389119329,0 -86.2410520648597,39.7204389119329,0 -86.2429385269566,39.7205080077624,0 -86.2430587008804,39.7211168447444,0 -86.2442566070069,39.7209852176006,0 -86.2459108581961,39.721072968597,0 -86.2479073684069,39.7211168447444,0 -86.2490482297162,39.721072968597,0 -86.2503047122874,39.7210607719062,0 -86.2547962887086,39.7210607719062,0 -86.2644980937784,39.7207843903881,0 -86.3224959534066,39.7196852923536,0 -86.3264818483914,39.7196097565791,0 -86.3265716799198,39.7241699876585,0 -86.3264818483914,39.7294207899627,0 -86.3265716799198,39.7355001659287,0 -86.3266615114482,39.7430986319066,0 -86.3266615114482,39.7503509308404,0 -86.3267513429766,39.7600885323162,0 -86.3269310060335,39.7685128638054,0 -86.3269310060335,39.7779027069254,0 -86.3266615114482,39.7787311603074,0 -86.3263920168629,39.7792834588627,0 -86.3263920168629,39.7805951468881,0 -86.3264818483914,39.7850823108992,0 -86.3265716799198,39.7899833403514,0 -86.3266615114482,39.7951601063593,0 -86.3268411736067,39.8002674669861,0 -86.3267513429766,39.8004745134285,0 -86.3270208384602,39.8079968024237,0 -86.3271106690903,39.8114471193743,0 -86.3271106690903,39.8154492699739,0 -86.3272005006187,39.8176572529323,0 -86.3272903321472,39.8226939478781,0 -86.327372859474,39.8263700893364,0</coordinates></LinearRing></outerBoundaryIs></Polygon></Placemark>
<Placemark><name>Broad Ripple Haverford Little League</name><styleUrl>#d7</styleUrl><Polygon><outerBoundaryIs><LinearRing><coordinates>-86.0662399105457,39.926863728849,0 -86.0681263726426,39.9246592583588,0 -86.0716298022512,39.9189410828907,0 -86.0754925579734,39.9112931364326,0 -86.07863666057,39.9051603828438,0 -86.0700128347395,39.9051603828438,0 -86.0662399105457,39.9028173889174,0 -86.0697433401542,39.902748475409,0 -86.0697433401542,39.8978554873983,0 -86.0698331716826,39.8887577373248,0 -86.0697433401542,39.8785557943892,0 -86.0696535086258,39.8749020265317,0 -86.0702823293248,39.8742815553626,0 -86.0702823293248,39.8728337697707,0 -86.0703721608532,39.8698002137065,0 -86.0701924977964,39.8670423183606,0 -86.0715399707227,39.8669044214069,0 -86.0732467697628,39.8661459794149,0 -86.0739654219902,39.8659391294542,0 -86.0727976121207,39.8645601183755,0 -86.074145085047,39.8640774586393,0 -86.0796248082809,39.8635258425666,0 -86.08366722706,39.8627673639151,0 -86.0844757108159,39.8624225964275,0 -86.0854638576285,39.8617330597031,0 -86.0860028467991,39.8604918748965,0 -86.0867725026734,39.8550169725038,0 -86.0961198118708,39.8550145588744,0 -86.0961236324057,39.8550145588744,0 -86.0964580311686,39.8550169345753,0 -86.0968934868076,39.8543948477744,0 -86.0969123172926,39.8543679465926,0 -86.0972552940682,39.8538779748474,0 -86.09742774006,39.8536548128253,0 -86.0975884253082,39.8534468707736,0 -86.0976185583961,39.8534078745864,0 -86.097996935082,39.8529182166653,0 -86.0984067060905,39.8524886954797,0 -86.0985478691509,39.8523407288787,0 -86.0989230343597,39.8519964338221,0 -86.0994696232775,39.8514948218931,0 -86.0997106502514,39.8512923849471,0 -86.1000077132345,39.8510428844416,0 -86.1007092229113,39.8504536919292,0 -86.1010382147145,39.8502230794495,0 -86.101053103392,39.8502126435661,0 -86.1021713145797,39.8494288146726,0 -86.1035910282246,39.8482981776441,0 -86.1048518173193,39.8472814016752,0 -86.1085388329276,39.8441740417578,0 -86.1110916940484,39.8420373795126,0 -86.1131264123032,39.8403343865016,0 -86.113804484036,39.8397567928574,0 -86.1143455761626,39.839302178405,0 -86.1152665766027,39.8385283735924,0 -86.1160014802519,39.8380351316743,0 -86.1160495877303,39.8380028438034,0 -86.1161965341445,39.8379042184008,0 -86.1166968840798,39.8375684008124,0 -86.1171183628313,39.8373194464064,0 -86.1180742179045,39.8367548548136,0 -86.1189006176603,39.8363562126181,0 -86.1200872427435,39.8358273993091,0 -86.1218036124346,39.835095189438,0 -86.1232445146421,39.8343060205414,0 -86.1253803643333,39.8329669738079,0 -86.1254376525939,39.8329310564272,0 -86.1266666592938,39.832052366455,0 -86.1271328328241,39.8316048815845,0 -86.1276731712642,39.8307261746478,0 -86.1278187639172,39.8304879758016,0 -86.1284042175476,39.8295301389069,0 -86.1298133355636,39.8276831574319,0 -86.1307451023124,39.8265539408842,0 -86.1310534490338,39.8261802517417,0 -86.1310537724273,39.8261798619494,0 -86.1316460819998,39.8254620358685,0 -86.1316543393139,39.8254536245435,0 -86.1316800383176,39.8254536245435,0 -86.1346017036767,39.8254536245435,0 -86.1399915953822,39.8253846339777,0 -86.1415187313654,39.825108670332,0 -86.1450221609739,39.8250396794198,0 -86.1567900911975,39.8249016973877,0 -86.1614613306756,39.8248327069576,0 -86.1807751092869,39.8246947245099,0 -86.1875124739187,39.824556741785,0 -86.1870633162766,39.8267644314406,0 -86.1868836532197,39.8274543208155,0 -86.186524327106,39.8280752147088,0 -86.1852666857081,39.8295239453043,0 -86.1847276974359,39.8303517776419,0 -86.1844582019523,39.8307656893799,0 -86.1839192127817,39.83124858475,0 -86.184188707367,39.8318694443509,0 -86.1805056147016,39.8333180949302,0 -86.1783496580194,39.8346287524615,0 -86.1778106688489,39.8354565239692,0 -86.1778106688489,39.8375948843606,0 -86.1787988156615,39.8417334606301,0 -86.1797869615759,39.8467683919403,0 -86.1799666264294,39.8485615643522,0 -86.1787988156615,39.8502857264406,0 -86.1773615112067,39.8510443437373,0 -86.1686478529496,39.8519408806428,0 -86.1639766125732,39.8533891078314,0 -86.1629884666588,39.8549062654462,0 -86.1627189720736,39.8598023173914,0 -86.162179982903,39.862146782983,0 -86.1616409937325,39.8638706024422,0 -86.1607426775499,39.8671802164161,0 -86.1589460478797,39.869179696386,0 -86.1560714389701,39.8710412294404,0 -86.1570595857828,39.8743504974936,0 -86.157957901067,39.8773149139269,0 -86.157868070437,39.8831054973187,0 -86.15265784089,39.8830365646781,0 -86.1495137373952,39.8831054973187,0 -86.1472679491846,39.883243362392,0 -86.1458306447298,39.88317442989,0 -86.1458306447298,39.8847598599029,0 -86.1458306447298,39.8866898984434,0 -86.1458306447298,39.8905498145916,0 -86.1376559756431,39.8905498145916,0 -86.1371169855743,39.8915836836138,0 -86.1357695135462,39.8934446085578,0 -86.1343322090914,39.894064905645,0 -86.1340627154045,39.894271669404,0 -86.1333440622788,39.894271669404,0 -86.1328050731082,39.8942027486798,0 -86.1307389479544,39.8937892187438,0 -86.1275050129312,39.8930999966392,0 -86.1256185508342,39.892755382988,0 -86.1236422572089,39.8915836836138,0 -86.1224744473394,39.8915147594975,0 -86.121755795112,39.891790455547,0 -86.1216659635836,39.8952365626042,0 -86.1218456266404,39.8964771187294,0 -86.1216659635836,39.8981311586324,0 -86.1216659635836,39.8993027453874,0 -86.121755795112,39.9005432285972,0 -86.121755795112,39.9014391186742,0 -86.121486301425,39.9028173889174,0 -86.121126974413,39.9035754246657,0 -86.1207676482993,39.9041267186254,0 -86.1198693330151,39.9055738448536,0 -86.1195100069014,39.906125121355,0 -86.1191506807877,39.9066763954878,0 -86.1180727015483,39.9077789283784,0 -86.1170845556339,39.9088125388724,0 -86.1160964088213,39.9097772259545,0 -86.1146591043665,39.9115687529153,0 -86.1139404521391,39.9121888859464,0 -86.112862473798,39.9139114489301,0 -86.1121438215706,39.9174253409901,0 -86.1121438215706,39.9189410828907,0 -86.1121438215706,39.9221102508688,0 -86.1123234846274,39.924177020977,0 -86.1123234846274,39.926932617408,0 -86.1108861801726,39.926932617408,0 -86.108640391962,39.926863728849,0 -86.1049572992966,39.926863728849,0 -86.1032505002566,39.926863728849,0 -86.0981301031364,39.926863728849,0 -86.0963334725679,39.926863728849,0 -86.0940876843573,39.926863728849,0 -86.091482570033,39.926863728849,0 -86.0886977926518,39.926863728849,0 -86.0792654821672,39.926932617408,0 -86.0761213786724,39.926932617408,0 -86.0695636770974,39.9270015058977,0 -86.0662399105457,39.926863728849,0</coordinates></LinearRing></outerBoundaryIs></Polygon></Placemark>
<Placemark><name>Decatur Little League</name><styleUrl>#d7</styleUrl><Polygon><outerBoundaryIs><LinearRing><coordinates>-86.2629905347802,39.618724012883,0 -86.2630613417876,39.6178331335622,0 -86.263307071442,39.6174019740042,0 -86.2642217306745,39.6162031257591,0 -86.2649452679404,39.6149096078752,0 -86.2665561610441,39.6112918371539,0 -86.2714434462464,39.6113339055348,0 -86.2734638884747,39.6112602858513,0 -86.2881090354171,39.6110291292667,0 -86.3120399982826,39.6105457800536,0 -86.3302350689377,39.6102006842636,0 -86.3388100021622,39.6100199195441,0 -86.3476045950332,39.6097989155777,0 -86.3536479895484,39.6094551192314,0 -86.3582552896395,39.6092270986247,0 -86.3588665339016,39.6093102952699,0 -86.3593872836786,39.6096616753167,0 -86.3649571510546,39.6074740424614,0 -86.3697215718788,39.6056018787038,0 -86.3712505547983,39.6047394045385,0 -86.3726566733396,39.6038874371628,0 -86.3737624554371,39.6029407947594,0 -86.3744450376109,39.6022150270968,0 -86.3749091926267,39.602740946883,0 -86.3749774511136,39.6032247893928,0 -86.3749364960214,39.6091883952018,0 -86.3749091926267,39.6104083994008,0 -86.3749091926267,39.6127957589744,0 -86.3677699334148,39.612760842985,0 -86.3659089430478,39.6128079588747,0 -86.3655856717163,39.6129762271759,0 -86.3654720905284,39.6132791104715,0 -86.3655157756007,39.6163213285724,0 -86.3655332496296,39.6170953228547,0 -86.3652711382976,39.6175395248474,0 -86.3645983854897,39.6181385192668,0 -86.3601250179193,39.6216650788576,0 -86.3558526016813,39.6251174331234,0 -86.3540178223576,39.6266248406224,0 -86.3536421289395,39.6268469110478,0 -86.3531528543334,39.6269949578328,0 -86.3523315722797,39.6271026275197,0 -86.3515015523133,39.6280312750742,0 -86.350107540367,39.62965637986,0 -86.3476820890995,39.631662765382,0 -86.3358782837567,39.6413724220205,0 -86.3263031716847,39.6489324908532,0 -86.3263021853345,39.6489567859174,0 -86.3263021853345,39.6613366473183,0 -86.3263920168629,39.6686666938313,0 -86.3264818483914,39.6766873616265,0 -86.3265716799198,39.681596104448,0 -86.3264818483914,39.6865736288833,0 -86.3202834729301,39.6894078904111,0 -86.3177681901342,39.6904447874873,0 -86.3137257713551,39.6918964169539,0 -86.3077070589506,39.6937627519559,0 -86.3000713790346,39.6961128784276,0 -86.2980950854092,39.6970805555663,0 -86.2956696341418,39.6988085154785,0 -86.2821949048781,39.7093826875652,0 -86.2801287797243,39.7104883897501,0 -86.277882992412,39.7112485497224,0 -86.2753677087178,39.7117322835254,0 -86.2677320288018,39.7118704925604,0 -86.2660252297617,39.7122851173129,0 -86.2644980937784,39.712837947361,0 -86.2644980937784,39.7207843903881,0 -86.2547962887086,39.7210607719062,0 -86.2503047122874,39.7210607719062,0 -86.2490482297162,39.721072968597,0 -86.2479073684069,39.7211168447444,0 -86.2459108581961,39.721072968597,0 -86.2442566070069,39.7209852176006,0 -86.2430587008804,39.7211168447444,0 -86.2429385269566,39.7205080077624,0 -86.2410520648597,39.7204389119329,0 -86.2405130756891,39.7204389119329,0 -86.235841836211,39.7202316233381,0 -86.2345841948131,39.7202316233381,0 -86.2334163849436,39.7202316233381,0 -86.232158744444,39.7203007193753,0 -86.229912955335,39.7203698153432,0 -86.2256010419707,39.7205771035227,0 -86.2251518843286,39.7206461999047,0 -86.2251518843286,39.7203698153432,0 -86.2248823897433,39.7205080077624,0 -86.222636602431,39.7214753414154,0 -86.2201213187368,39.7226499434483,0 -86.2176060359409,39.7238245268555,0 -86.2175162044125,39.7238245268555,0 -86.2077245678142,39.7283844785218,0 -86.2063770948878,39.7290753533951,0 -86.2045804643194,39.7301807405882,0 -86.2034126535515,39.7310097688336,0 -86.2010770347108,39.73308229583,0 -86.1995391360122,39.7344339298239,0 -86.1985617519149,39.7352929226119,0 -86.1983820888581,39.7355001659287,0 -86.1975736051022,39.736121889377,0 -86.1965854582896,39.736743607908,0 -86.1964956267611,39.7359146486204,0 -86.1965307535837,39.735617510572,0 -86.1965854582896,39.7351547605151,0 -86.1964956267611,39.734740272563,0 -86.1962261321759,39.7342566994445,0 -86.1962261321759,39.733427710938,0 -86.1960468859373,39.7326695584292,0 -86.1958668060622,39.7319078715158,0 -86.1961363006474,39.7309406835273,0 -86.1961363006474,39.728591741918,0 -86.1961363006474,39.7276918757284,0 -86.1961363006474,39.7244049564502,0 -86.1961363006474,39.7187805919473,0 -86.1961363006474,39.718131950386,0 -86.1961363006474,39.7176601927262,0 -86.1961363006474,39.7173295279539,0 -86.1962968448601,39.7172289038738,0 -86.1966678239197,39.7170291519635,0 -86.1976213352882,39.7164790628371,0 -86.1979736770006,39.7161779209683,0 -86.1983364679163,39.715867846553,0 -86.1986817416841,39.715553963983,0 -86.1992105188064,39.7150732587374,0 -86.1996078149106,39.7142175375353,0 -86.1996756538842,39.7137217834891,0 -86.1996771792236,39.7137106379308,0 -86.1997303181659,39.7133223064573,0 -86.1997667340709,39.7130561854773,0 -86.2000051110147,39.7119559387756,0 -86.2005613262792,39.7109168003553,0 -86.201138974448,39.7103243019014,0 -86.2012764589073,39.7101832826774,0 -86.2022299702758,39.7099387743606,0 -86.2043753690585,39.7093275008138,0 -86.2057858408358,39.7090562325173,0 -86.2057929060854,39.7090548738684,0 -86.2069180639453,39.7088384779385,0 -86.2072827538995,39.7087498813942,0 -86.2080311736005,39.7085680618911,0 -86.2084277887816,39.7084717083346,0 -86.2096991366742,39.7079826793933,0 -86.2101722595715,39.7074688223975,0 -86.2110499441469,39.7065155724629,0 -86.2111529916898,39.7063989868756,0 -86.2124007507213,39.7049873026161,0 -86.2135131803518,39.7040703244601,0 -86.2139004261046,39.7037351506031,0 -86.2141405700346,39.7035272983009,0 -86.2141482479353,39.7035206537955,0 -86.2143712960271,39.7033275986345,0 -86.2146588692075,39.7030786952994,0 -86.2147845273461,39.7029699344494,0 -86.2154156576136,39.7019448318986,0 -86.2154555338291,39.7018850873204,0 -86.215513005346,39.7017989803379,0 -86.2155519212625,39.7017715349501,0 -86.2164531713428,39.7011359123344,0 -86.216929963858,39.7005856515463,0 -86.217088845289,39.7004022899787,0 -86.2189958662296,39.6994852508944,0 -86.2201082958601,39.6988127475448,0 -86.221038848985,39.6984336976916,0 -86.2210480028177,39.6984299687805,0 -86.2214591024345,39.6982625124688,0 -86.2225229502762,39.6976193664472,0 -86.2225715320651,39.6975899978959,0 -86.223207205113,39.6969174753876,0 -86.2236045012171,39.6959392516456,0 -86.2235022882091,39.6946808693391,0 -86.2234455829552,39.6939827598047,0 -86.2231250883162,39.693193601855,0 -86.223048286851,39.6930044937797,0 -86.2224388005919,39.691389076858,0 -86.2224332166641,39.6913742758198,0 -86.2223331542229,39.6911090628242,0 -86.2224026308253,39.6898794147515,0 -86.2225224193718,39.689449246976,0 -86.223147610877,39.6880059464824,0 -86.2231540041869,39.6879488754769,0 -86.2232469349031,39.6871193164915,0 -86.2237832848233,39.6864008318626,0 -86.2241344129117,39.6855151345739,0 -86.2241408511374,39.6854988936632,0 -86.2247169308477,39.6849332654268,0 -86.2247816104465,39.684847290768,0 -86.2249354433456,39.684642806369,0 -86.2248875478696,39.6816202698098,0 -86.2248873816813,39.6816098228582,0 -86.2248818857884,39.6812630199476,0 -86.2248793408612,39.68110240095,0 -86.2248758491097,39.6808820098335,0 -86.2251153022352,39.6798453915689,0 -86.2251158924284,39.6798428355918,0 -86.2251936856337,39.6795060576407,0 -86.2241607155833,39.6778243003742,0 -86.2241450723209,39.6777944947424,0 -86.2241637384142,39.6777935876443,0 -86.2241503086007,39.6773388126678,0 -86.2240739059874,39.6747514234625,0 -86.2260501996128,39.6732302904348,0 -86.2309909336761,39.6719165589703,0 -86.2318892489604,39.6715708358295,0 -86.2329672273015,39.6706719475662,0 -86.2338655425857,39.6698421948644,0 -86.2342248686994,39.6690815788327,0 -86.2374588037227,39.6679752126012,0 -86.2361113307963,39.6660390309673,0 -86.2359316677395,39.664517705409,0 -86.2362909938532,39.6629963484308,0 -86.2363808253816,39.6613366473183,0 -86.2348536893984,39.657463856377,0 -86.2354825100974,39.6548357675032,0 -86.2384469514337,39.6505476185079,0 -86.2390757712344,39.6457750109217,0 -86.2386266135922,39.6410712499424,0 -86.2383571190069,39.6379582898681,0 -86.2375486352511,39.6360904462925,0 -86.2342248686994,39.6338766419542,0 -86.2499453861737,39.6336690934083,0 -86.2499453861737,39.629794753883,0 -86.2498555546453,39.623360100531,0 -86.2496758915884,39.6190699996562,0 -86.2594675281867,39.6188624073846,0 -86.2629709577952,39.618724012883,0 -86.2629905347802,39.618724012883,0</coordinates></LinearRing></outerBoundaryIs></Polygon></Placemark>
<Placemark><name>Douglass Little League</name><styleUrl>#d7</styleUrl><Polygon><outerBoundaryIs><LinearRing><coordinates>-86.0470159625645,39.8550441878925,0 -86.0466846432264,39.8525056915018,0 -86.0465336193592,39.8513485869178,0 -86.0462187616487,39.8501399819945,0 -86.0460088568078,39.8493342326376,0 -86.0461138087791,39.8428476115424,0 -86.0461142480553,39.8402689038075,0 -86.0460278166502,39.8363532637409,0 -86.0459379851218,39.8332491129519,0 -86.0458481535934,39.8298688766574,0 -86.0458481535934,39.8279668587804,0 -86.0458481535934,39.8275751596248,0 -86.0458481535934,39.8274623524588,0 -86.0458481535934,39.8273554325968,0 -86.0459602220183,39.8273048059682,0 -86.0534931759884,39.8236757714374,0 -86.0563343882306,39.8223218839307,0 -86.056353647212,39.8223127063913,0 -86.0592991655369,39.8209091148875,0 -86.060737248831,39.8202179565052,0 -86.0623847887067,39.81942613144,0 -86.0641940621645,39.8185565764904,0 -86.0646495762856,39.818337651353,0 -86.0647237402971,39.8182888244402,0 -86.0668579442747,39.8175827553636,0 -86.0698000723577,39.8166093979138,0 -86.071758734749,39.8159614034496,0 -86.0721004790359,39.8158527427566,0 -86.0740366332394,39.8152371197862,0 -86.0746561779347,39.8150201733738,0 -86.0746828111863,39.8150108478871,0 -86.074757083894,39.8149848393293,0 -86.0753398021543,39.8148058007123,0 -86.0759402549549,39.8145468703797,0 -86.0759437098754,39.8145453806377,0 -86.0762297711912,39.8144151705755,0 -86.0767912990922,39.814130334773,0 -86.0799415048428,39.8124942409239,0 -86.081089010092,39.8118982713061,0 -86.0813363962398,39.8117691885893,0 -86.0819644111499,39.81144149964,0 -86.082418665833,39.8112248103663,0 -86.0827132566524,39.8111150677785,0 -86.0827709455616,39.8110935768807,0 -86.0829351656804,39.8110488147362,0 -86.0831046840627,39.8110081224796,0 -86.0833324743609,39.8109877756522,0 -86.0836026426826,39.810934874977,0 -86.0837880531607,39.8108901127291,0 -86.083978761004,39.8108372126687,0 -86.0842161417162,39.810768045956,0 -86.0842696992734,39.8107565696877,0 -86.0842835414136,39.8107484077419,0 -86.0843858792874,39.8106880646552,0 -86.0847553276177,39.8104952227084,0 -86.0848528945391,39.8104442959043,0 -86.086048075177,39.8098204458753,0 -86.0913927394028,39.8070306835286,0 -86.0941775158857,39.8055814786949,0 -86.0992979130059,39.8029590303954,0 -86.1024420173991,39.801302695725,0 -86.1022414083247,39.787932423899,0 -86.1022213148084,39.7839951647136,0 -86.1020440224056,39.7692510298798,0 -86.1064609263689,39.7690160848613,0 -86.1167644346942,39.7683580918909,0 -86.1211947091821,39.7680751664514,0 -86.1292938551061,39.7674311648158,0 -86.1340140078514,39.7670558396012,0 -86.1394546328109,39.7669340678923,0 -86.1429560358202,39.7668556997034,0 -86.1439640407905,39.7668680698907,0 -86.1617824568302,39.7670867287246,0 -86.1654864910215,39.7672030218171,0 -86.1742174077119,39.767477140916,0 -86.1764631959225,39.768581911444,0 -86.1815835930427,39.7696176177133,0 -86.1859853379355,39.7716889835073,0 -86.1886802837882,39.7750030384472,0 -86.1906565774136,39.7777646309676,0 -86.1902972512999,39.7794905684701,0 -86.1895785990725,39.7802499675624,0 -86.1876921369756,39.7819068099122,0 -86.1869734847482,39.7836326435308,0 -86.1875124739187,39.7850823108992,0 -86.1938905124368,39.7865319477248,0 -86.1979329312159,39.7887408593943,0 -86.2008973716539,39.7929514008089,0 -86.2004482140118,39.7954361895663,0 -86.1967651213464,39.7975067789844,0 -86.1958668060622,39.799163204394,0 -86.1981125942728,39.8028900179375,0 -86.1982922573296,39.8053744469394,0 -86.1976634366306,39.8067546468677,0 -86.1945193331358,39.8094459563455,0 -86.1938006809084,39.810757069976,0 -86.1902972512999,39.8182782346686,0 -86.1898480936577,39.8207621089529,0 -86.1902074197714,39.824556741785,0 -86.1875124739187,39.824556741785,0 -86.1807751092869,39.8246947245099,0 -86.1614613306756,39.8248327069576,0 -86.1567900911975,39.8249016973877,0 -86.1450221609739,39.8250396794198,0 -86.1415187313654,39.825108670332,0 -86.1399915953822,39.8253846339777,0 -86.1346017036767,39.8254536245435,0 -86.1316800383176,39.8254536245435,0 -86.1316543393139,39.8254536245435,0 -86.1316460819998,39.8254620358685,0 -86.1310537724273,39.8261798619494,0 -86.1310534490338,39.8261802517417,0 -86.1307451023124,39.8265539408842,0 -86.1298133355636,39.8276831574319,0 -86.1284042175476,39.8295301389069,0 -86.1278187639172,39.8304879758016,0 -86.1276731712642,39.8307261746478,0 -86.1271328328241,39.8316048815845,0 -86.1266666592938,39.832052366455,0 -86.1254376525939,39.8329310564272,0 -86.1253803643333,39.8329669738079,0 -86.1232445146421,39.8343060205414,0 -86.1218036124346,39.835095189438,0 -86.1200872427435,39.8358273993091,0 -86.1189006176603,39.8363562126181,0 -86.1180742179045,39.8367548548136,0 -86.1171183628313,39.8373194464064,0 -86.1166968840798,39.8375684008124,0 -86.1161965341445,39.8379042184008,0 -86.1160495877303,39.8380028438034,0 -86.1160014802519,39.8380351316743,0 -86.1152665766027,39.8385283735924,0 -86.1143455761626,39.839302178405,0 -86.113804484036,39.8397567928574,0 -86.1131264123032,39.8403343865016,0 -86.1110916940484,39.8420373795126,0 -86.1085388329276,39.8441740417578,0 -86.1048518173193,39.8472814016752,0 -86.1035910282246,39.8482981776441,0 -86.1021713145797,39.8494288146726,0 -86.101053103392,39.8502126435661,0 -86.1010382147145,39.8502230794495,0 -86.1007092229113,39.8504536919292,0 -86.1000077132345,39.8510428844416,0 -86.0997106502514,39.8512923849471,0 -86.0994696232775,39.8514948218931,0 -86.0989230343597,39.8519964338221,0 -86.0985478691509,39.8523407288787,0 -86.0984067060905,39.8524886954797,0 -86.097996935082,39.8529182166653,0 -86.0976185583961,39.8534078745864,0 -86.0975884253082,39.8534468707736,0 -86.09742774006,39.8536548128253,0 -86.0972552940682,39.8538779748474,0 -86.0969123172926,39.8543679465926,0 -86.0968934868076,39.8543948477744,0 -86.0964580311686,39.8550169345753,0 -86.0961236324057,39.8550145588744,0 -86.0961198118708,39.8550145588744,0 -86.0529328895591,39.8550257105308,0 -86.050518799285,39.8550332486385,0 -86.0470159625645,39.8550441878925,0</coordinates></LinearRing></outerBoundaryIs></Polygon></Placemark>
<Placemark><name>Eagledale Little League</name><styleUrl>#d7</styleUrl><Polygon><outerBoundaryIs><LinearRing><coordinates>-86.2398842549902,39.8288340774024,0 -86.2348536893984,39.8240048074246,0 -86.2318892489604,39.8240737993759,0 -86.229912955335,39.8241427919478,0 -86.2256908726008,39.8239358154041,0 -86.2236247483453,39.8238668233142,0 -86.2163483954413,39.8239358154041,0 -86.2114076595813,39.8239358154041,0 -86.2045804643194,39.8240737993759,0 -86.2028736652793,39.8240048074246,0 -86.1991007410854,39.8244187587831,0 -86.1974837735738,39.8244877503187,0 -86.1917345557546,39.824556741785,0 -86.1902074197714,39.824556741785,0 -86.1898480936577,39.8207621089529,0 -86.1902972512999,39.8182782346686,0 -86.1938006809084,39.810757069976,0 -86.1945193331358,39.8094459563455,0 -86.1976634366306,39.8067546468677,0 -86.1982922573296,39.8053744469394,0 -86.1981125942728,39.8028900179375,0 -86.1958668060622,39.799163204394,0 -86.1967651213464,39.7975067789844,0 -86.2004482140118,39.7954361895663,0 -86.2008973716539,39.7929514008089,0 -86.1979329312159,39.7887408593943,0 -86.1938905124368,39.7865319477248,0 -86.1875124739187,39.7850823108992,0 -86.1869734847482,39.7836326435308,0 -86.1876921369756,39.7819068099122,0 -86.1895785990725,39.7802499675624,0 -86.1902972512999,39.7794905684701,0 -86.1906565774136,39.7777646309676,0 -86.1886802837882,39.7750030384472,0 -86.1859853379355,39.7716889835073,0 -86.1815835930427,39.7696176177133,0 -86.1764631959225,39.768581911444,0 -86.1742174077119,39.767477140916,0 -86.1733190924276,39.7643698787607,0 -86.1739940595828,39.7617483003661,0 -86.1733821388892,39.7560328269832,0 -86.1736880987868,39.7553036587219,0 -86.1743835044113,39.7515296067487,0 -86.1759271119036,39.7514290436326,0 -86.1787181083214,39.7513799164386,0 -86.1810196711314,39.7513394043649,0 -86.1816090971119,39.75139946248,0 -86.1862296940659,39.7514307039505,0 -86.1874524853224,39.7512217888219,0 -86.1881791406406,39.7511688629016,0 -86.1967460267567,39.7510100807528,0 -86.2070474959064,39.750561566964,0 -86.2078217870875,39.750527854619,0 -86.2078370853968,39.7510953527698,0 -86.2081736410147,39.7522068118436,0 -86.2089385421062,39.7530712663094,0 -86.2120287403958,39.7543179458564,0 -86.2126177136254,39.7546060908701,0 -86.2130231107367,39.7550059613168,0 -86.2133443689436,39.7557233724184,0 -86.2136044348117,39.7566054247235,0 -86.2134476302856,39.7567700736965,0 -86.2124417866618,39.7570493868343,0 -86.2121243525831,39.7570729076927,0 -86.2119369523366,39.7571522918252,0 -86.2114129946758,39.7571434709102,0 -86.2110496665675,39.7572493156008,0 -86.2108316706008,39.7574757057206,0 -86.2108240214462,39.7577932377729,0 -86.2110611407486,39.7582930538933,0 -86.2111452796531,39.7586517425683,0 -86.210770478262,39.7595337573705,0 -86.2104836408018,39.7600894203779,0 -86.2103956777692,39.7603216819614,0 -86.2105295348314,39.7605304203299,0 -86.2109884751269,39.7607156398405,0 -86.211799270248,39.7607950183931,0 -86.2138033092392,39.7611007764387,0 -86.2156620178854,39.7617005264044,0 -86.2174977790677,39.7621767943697,0 -86.2192341030362,39.7632351579807,0 -86.2199684084074,39.7638878055448,0 -86.2203891029298,39.7645463273618,0 -86.2207103611366,39.7648520673699,0 -86.2213375801395,39.7651225299075,0 -86.221964798244,39.7652283616443,0 -86.2237087713671,39.7652460007117,0 -86.2267224799069,39.7651695654111,0 -86.227663307962,39.7659868229586,0 -86.2281069499482,39.7665394944514,0 -86.2283517184053,39.7671391977375,0 -86.2283598265991,39.7679463273868,0 -86.2283733363626,39.7692910529229,0 -86.2283817724415,39.7701918445305,0 -86.2283605470479,39.7704727983018,0 -86.2282676064503,39.7717030823902,0 -86.228108707053,39.7738063838146,0 -86.2281241598725,39.7760650366211,0 -86.2284071732044,39.7761150043742,0 -86.2289770239966,39.7765088725795,0 -86.2290936720329,39.7766146875033,0 -86.2293253735958,39.776931319397,0 -86.2295889446901,39.7773392219765,0 -86.2296730835946,39.7774156423848,0 -86.2299484477719,39.7778888633732,0 -86.2297113293678,39.7785884004321,0 -86.2298331328355,39.77879939065,0 -86.2298841346858,39.778928055449,0 -86.2300058159826,39.7792350253393,0 -86.2301129005544,39.7794143153635,0 -86.2301549713541,39.7795671528678,0 -86.2306368582153,39.779911035666,0 -86.2306406832418,39.7799492444529,0 -86.2308089610507,39.7802167074384,0 -86.2308166102054,39.7803225166614,0 -86.2308548550802,39.7804518385939,0 -86.2308204343335,39.7814041138709,0 -86.2307033937334,39.782283520434,0 -86.2305144744359,39.7840521873109,0 -86.2303239345776,39.784286314754,0 -86.2297959641423,39.7846786278568,0 -86.2294206668812,39.7849867787596,0 -86.2290375497855,39.7854336449232,0 -86.2289999768504,39.7854774683586,0 -86.2289923223059,39.7854863974734,0 -86.2288266909338,39.7857076203219,0 -86.2285915290604,39.7860217073478,0 -86.2283498058921,39.7863445576524,0 -86.2282503686783,39.7866208129201,0 -86.228245771999,39.7867927293161,0 -86.2282372119527,39.7871128424537,0 -86.2282274221127,39.7874789589499,0 -86.2281842472835,39.7875763465679,0 -86.228078625169,39.7878145954343,0 -86.2275466599257,39.7891129325412,0 -86.2274195096854,39.789757540308,0 -86.2273509628393,39.7901525728986,0 -86.2272845333224,39.7905354036407,0 -86.2272143991532,39.7909395789814,0 -86.2271649882193,39.7912243286382,0 -86.2271183162487,39.7914932925681,0 -86.2270265281896,39.7916578574184,0 -86.2270188790349,39.7918165458371,0 -86.2268781372844,39.792090505481,0 -86.2266654593442,39.7925129367112,0 -86.2264910972459,39.7928744516802,0 -86.2264796239631,39.7929919953861,0 -86.2263766878113,39.7931941603443,0 -86.2261736640655,39.7935003729141,0 -86.2261086475984,39.7936943185704,0 -86.2260550271591,39.7940568688731,0 -86.2260415218871,39.7941481863615,0 -86.2260321569503,39.7942115043136,0 -86.2260356298372,39.7942502228234,0 -86.2260475154467,39.7943827446541,0 -86.2260771041556,39.7947126428383,0 -86.2261065482356,39.7950409298692,0 -86.2261389917904,39.7954026537982,0 -86.2261671072622,39.7957161223122,0 -86.2262042597857,39.7961303517206,0 -86.2261660149108,39.7963066595483,0 -86.2262578029699,39.7964947209631,0 -86.2262348564043,39.7967297964909,0 -86.2262883986902,39.7968708415599,0 -86.2261029316183,39.7970693198546,0 -86.2260742268517,39.7971000388351,0 -86.2261124717266,39.7971117927686,0 -86.2260971734173,39.7973057289319,0 -86.2263572401837,39.7978581489439,0 -86.2263238839405,39.7980305514419,0 -86.2262731012792,39.7982930293827,0 -86.2264299058054,39.798600089563,0 -86.2264811043866,39.7986287359556,0 -86.2266058327689,39.7986985243046,0 -86.2267607247818,39.7988234049457,0 -86.2267897089244,39.7988368826356,0 -86.2271240528901,39.7989923596906,0 -86.2272885065709,39.7991201778504,0 -86.2273018923669,39.7991554379192,0 -86.2274357494291,39.7992744409492,0 -86.2274825983678,39.7993275997474,0 -86.2275887298271,39.7994463326245,0 -86.2276174139324,39.799503629524,0 -86.2276613954487,39.7996549523531,0 -86.2276499221659,39.7997533869652,0 -86.2276597910576,39.799940095901,0 -86.2276793132454,39.8003094423918,0 -86.2277055979506,39.8006102455986,0 -86.2277034653501,39.8008434926486,0 -86.2276862554259,39.8008567145864,0 -86.2276709562183,39.8009478008178,0 -86.2276403595997,39.8009962818605,0 -86.2280706175866,39.8012019596141,0 -86.2284454180794,39.8013136138617,0 -86.2289120084279,39.8015251665653,0 -86.2290783737236,39.8015119447561,0 -86.2293881586477,39.8015516108663,0 -86.2296654353383,39.8016456334316,0 -86.229998166828,39.8019027289623,0 -86.2301970403572,39.8019923458788,0 -86.2304357379996,39.8020096663412,0 -86.2309675199866,39.8020482576159,0 -86.2314815925861,39.8020855624482,0 -86.2317867125589,39.8021092639187,0 -86.2321666586016,39.8021451318479,0 -86.2350994217478,39.8034315946854,0 -86.2354901529638,39.8035965926655,0 -86.2356278350525,39.8037258715403,0 -86.2359337949501,39.8037963869367,0 -86.2360179338546,39.8039021598958,0 -86.2375400859846,39.8045720515248,0 -86.2378154501619,39.8046484423758,0 -86.2398491299642,39.8046010653311,0 -86.2398864190317,39.8093595303523,0 -86.2400485838051,39.8093577665413,0 -86.2406968108092,39.8093507175074,0 -86.2412985131663,39.8093441749821,0 -86.2420139036109,39.8093363944758,0 -86.2427143460892,39.8093287775144,0 -86.2434222814152,39.8093210784342,0 -86.2440414191738,39.8093143454475,0 -86.2445775346337,39.8093085157583,0 -86.2452945725886,39.8093007173062,0 -86.2460415531884,39.8092925959015,0 -86.2467851660043,39.8092845083092,0 -86.2474756290981,39.8092769996828,0 -86.2479993693667,39.8092713045536,0 -86.2484914844457,39.8092659523878,0 -86.2489155144127,39.8092613413544,0 -86.249496506111,39.8092550237827,0 -86.2499620346509,39.809249960754,0 -86.250368755879,39.8092455374181,0 -86.2508061662521,39.809240781469,0 -86.2514211439126,39.8092340933288,0 -86.2519464032323,39.8092283816345,0 -86.2524567729762,39.8092228314157,0 -86.2529891658176,39.8092170417428,0 -86.2534847816313,39.8093473975951,0 -86.2540342550395,39.8094919188676,0 -86.2543965824246,39.8095872175457,0 -86.2544989526377,39.809599900932,0 -86.2548708210294,39.8096459744515,0 -86.2549864144436,39.8096459744515,0 -86.2554611282572,39.8096459744515,0 -86.2558384197783,39.8096459744515,0 -86.260666855448,39.809055456535,0 -86.2611946363387,39.8090730843694,0 -86.261209934648,39.8094814533326,0 -86.2613858616116,39.8097987454839,0 -86.2616344541968,39.8100631534562,0 -86.2620130797161,39.8102688054685,0 -86.2623687586697,39.8103686926372,0 -86.2627156413201,39.8103653865751,0 -86.2659774807111,39.8103338723642,0 -86.2673241649166,39.8103199483905,0 -86.2676333848004,39.8102935557658,0 -86.2678051732254,39.8102361809098,0 -86.2679381220909,39.8101145456426,0 -86.2680038500236,39.8099917625896,0 -86.26801149828,39.8092939629253,0 -86.2700206334138,39.8092589067948,0 -86.2720839522306,39.8087366924774,0 -86.2754409097354,39.8086771998659,0 -86.2753677087178,39.8057885098271,0 -86.2791406329116,39.8077897786313,0 -86.2814762526507,39.8093079436924,0 -86.2839915354466,39.8104810489672,0 -86.3001612114613,39.8169672658777,0 -86.299532389864,39.8175882538485,0 -86.2990832322219,39.8180712418399,0 -86.2988137376366,39.8186922198356,0 -86.2987239061082,39.8192441968689,0 -86.2987239061082,39.8209000986079,0 -86.2985442430514,39.8215210517317,0 -86.2981849169376,39.8221419999342,0 -86.2975560962387,39.8226249545414,0 -86.2979154223524,39.8230389135228,0 -86.2988137376366,39.8239358154041,0 -86.2989934006934,39.8243497678681,0 -86.2998917159777,39.8264884747168,0 -86.2999815466078,39.8276612853802,0 -86.3000713790346,39.8282821774031,0 -86.2999815466078,39.8286961029907,0 -86.2997120529209,39.8289030645044,0 -86.2973764331818,39.830282791305,0 -86.2968374440113,39.8305587348574,0 -86.2961187917839,39.8308346759218,0 -86.2958492971986,39.8311106158776,0 -86.2956696341418,39.8313865533453,0 -86.2957594656702,39.8333180949302,0 -86.2957594656702,39.8360773448459,0 -86.2956696341418,39.8365602028744,0 -86.2949509819144,39.8370430554387,0 -86.2940526666301,39.8373879497243,0 -86.2931543513459,39.8377328415881,0 -86.29234586759,39.837801819753,0 -86.2896509217373,39.8378707978486,0 -86.2871356389414,39.8378707978486,0 -86.2844406930887,39.837939775875,0 -86.2811169274353,39.838008753832,0 -86.2759965294168,39.8380777317198,0 -86.2716846160524,39.8382156879773,0 -86.2706066377113,39.8382156879773,0 -86.2687201756144,39.8382846649675,0 -86.2661150612901,39.8382846649675,0 -86.2628811262668,39.8382846649675,0 -86.2593776966583,39.8383536425782,0 -86.2564132562202,39.8384226194298,0 -86.2521013428559,39.8384226194298,0 -86.2515623536854,39.8384915975916,0 -86.2509335329864,39.8385605749944,0 -86.250214880759,39.838629552328,0 -86.2492267339463,39.8386985295922,0 -86.2450046521104,39.8342838443198,0 -86.2398842549902,39.8288340774024,0</coordinates></LinearRing></outerBoundaryIs></Polygon></Placemark>
<Placemark><name>Franklin Township Little League</name><styleUrl>#d7</styleUrl><Polygon><outerBoundaryIs><LinearRing><coordinates>-85.9517047118045,39.7263809009257,0 -85.9516148802761,39.7194715623599,0 -85.9516148802761,39.716293035475,0 -85.9516148802761,39.7124233259313,0 -85.9515250487476,39.7044759203232,0 -85.9515250487476,39.6971496747934,0 -85.9517047118045,39.6971496747934,0 -85.9518843748614,39.6888548733294,0 -85.9518843748614,39.6874031805993,0 -85.9519742063898,39.6824948505558,0 -85.9519742063898,39.678968933375,0 -85.9520640379182,39.6751662719226,0 -85.9520640379182,39.6724697123969,0 -85.9520640379182,39.669634754959,0 -85.9520640379182,39.6682518056471,0 -85.9520640379182,39.6656241263128,0 -85.9520640379182,39.6585012323728,0 -85.9521538685483,39.6582937584193,0 -85.9520640379182,39.6569797429422,0 -85.9520640379182,39.6568414233059,0 -85.9520640379182,39.6528992163327,0 -85.9520640379182,39.6445299286756,0 -85.9520640379182,39.6443224127882,0 -85.9520640379182,39.6421088719332,0 -85.9523335334018,39.6383733599064,0 -85.953501342373,39.6383041818549,0 -85.9569149395548,39.6383041818549,0 -85.9657184302387,39.6380966465937,0 -85.9790134955472,39.6380966465937,0 -85.9901526059702,39.6379582898681,0 -86.0118918358489,39.637543217339,0 -86.0188088635376,39.6374048608899,0 -86.0302174676475,39.6372665013969,0 -86.0445905121954,39.6371973229302,0 -86.0478244472187,39.6371281437025,0 -86.0541126542084,39.6370589644056,0 -86.0612093449539,39.636851425408,0 -86.0637246277498,39.636851425408,0 -86.0742349165755,39.6365747073901,0 -86.0827689117758,39.6364363476201,0 -86.0826790802474,39.6400336116914,0 -86.0826790802474,39.6437690333524,0 -86.0826790802474,39.6470200707487,0 -86.0826790802474,39.6488184509187,0 -86.082589248719,39.6493717899443,0 -86.0826790802474,39.6506167843119,0 -86.082589248719,39.6511701089446,0 -86.082589248719,39.6537291738726,0 -86.082589248719,39.6554582186354,0 -86.082589248719,39.6560806648541,0 -86.0824095856621,39.6567031033928,0 -86.0822299226052,39.6576021733845,0 -86.0822299226052,39.6580862838429,0 -86.0822299226052,39.6604376259059,0 -86.0821400910768,39.6629963484308,0 -86.0823197541336,39.6636187253798,0 -86.0824095856621,39.6644485548974,0 -86.0824994171905,39.665070918767,0 -86.0824994171905,39.6659007294621,0 -86.0824994171905,39.6663156303812,0 -86.082589248719,39.6672837258335,0 -86.0824994171905,39.6679060648582,0 -86.0824994171905,39.6690815788327,0 -86.0824994171905,39.669773047607,0 -86.0824994171905,39.6706719475662,0 -86.082589248719,39.6716399805961,0 -86.082589248719,39.6765490814371,0 -86.082589248719,39.6777935876443,0 -86.0824994171905,39.6806282109432,0 -86.082589248719,39.686227978414,0 -86.082589248719,39.6881635948837,0 -86.082589248719,39.6904447874873,0 -86.0824994171905,39.6934171374786,0 -86.0824994171905,39.6936936286459,0 -86.0824095856621,39.6945230955029,0 -86.0824994171905,39.6953525523926,0 -86.0824994171905,39.6963893594882,0 -86.0824994171905,39.6982555723223,0 -86.0824994171905,39.7003290844149,0 -86.0824994171905,39.7036465723861,0 -86.0792654821672,39.7035774603568,0 -86.0773790200703,39.7035774603568,0 -86.0740552544169,39.7037847983105,0 -86.0705518239101,39.7044759203232,0 -86.0668687312446,39.7057199225024,0 -86.063544964693,39.7072403398435,0 -86.0607601873118,39.7088989379779,0 -86.0585143991012,39.7108339173575,0 -86.0566279370043,39.7126997409554,0 -86.063544964693,39.7171222307042,0 -86.0740552544169,39.7239627109699,0 -86.0636347962214,39.7242390797496,0 -86.0584245675728,39.7243081717715,0 -86.0570770946464,39.7243772637241,0 -86.0558194532484,39.7243772637241,0 -86.0553702956063,39.7244463556075,0 -86.052765181282,39.7244463556075,0 -86.0494414147303,39.7245845398575,0 -86.0481837733324,39.7246536308423,0 -86.047465121105,39.7246536308423,0 -86.0455786590081,39.7247227224488,0 -86.0453989959512,39.7247227224488,0 -86.0453091644228,39.724860905454,0 -86.0449498383091,39.7247227224488,0 -86.0446803437238,39.7247227224488,0 -86.0351582017108,39.7249299968528,0 -86.0277021848516,39.7249990888733,0 -86.0273428587379,39.7250681794427,0 -86.0268937010958,39.7251372706338,0 -86.0264445425554,39.7253445437917,0 -86.0259953858115,39.7254827255508,0 -86.0253665651126,39.7255518163265,0 -86.0208749886913,39.7255518163265,0 -86.0205156625776,39.7254827255508,0 -86.0200665049355,39.7253445437917,0 -86.0197970103502,39.7251372706338,0 -86.0193478527081,39.7246536308423,0 -86.0190783581229,39.724860905454,0 -86.0180902113102,39.7255518163265,0 -86.0085680692972,39.725620906342,0 -86.0038069982907,39.725620906342,0 -85.9896136167996,39.725828178737,0 -85.9753304037801,39.7259663595268,0 -85.9722761318137,39.7260354498179,0 -85.9658980932956,39.7261736308833,0 -85.9611370222891,39.7261736308833,0 -85.9517047118045,39.7263809009257,0</coordinates></LinearRing></outerBoundaryIs></Polygon></Placemark>
<Placemark><name>Indiana Central Little League</name><styleUrl>#d7</styleUrl><Polygon><outerBoundaryIs><LinearRing><coordinates>-86.1211947091821,39.7680751664514,0 -86.1212215149102,39.766021617349,0 -86.1212109606039,39.7660147696431,0 -86.1211970079709,39.7646115113993,0 -86.1211607223216,39.759978839342,0 -86.1211370553071,39.7585819025484,0 -86.1210166999237,39.7464757809196,0 -86.1209473113562,39.7377107144758,0 -86.1208574798278,39.7304570844444,0 -86.1208574798278,39.7292826154052,0 -86.1208574798278,39.7276935953435,0 -86.1208574798278,39.726726348921,0 -86.1207676482993,39.7231335979845,0 -86.1207526652987,39.7202895555332,0 -86.120632106896,39.7157920163754,0 -86.1166336112427,39.7143236844939,0 -86.1151869193932,39.7138599933752,0 -86.1143430150657,39.7134890393416,0 -86.1134589264006,39.7130562566537,0 -86.1130168807206,39.7127471245986,0 -86.1122935347959,39.7124070775307,0 -86.1119720484169,39.7121597693937,0 -86.1115300027369,39.7117269783661,0 -86.1107262845436,39.7106140744868,0 -86.109922568147,39.7091610895855,0 -86.1094001510968,39.7077389898159,0 -86.1082534345685,39.7035755735786,0 -86.1071095549198,39.6994222086923,0 -86.1060647217178,39.6951861399473,0 -86.1051093391585,39.6921930749665,0 -86.1032517102872,39.6863730457626,0 -86.1014835311604,39.6809609396926,0 -86.1012568844176,39.6801371996041,0 -86.1052267938819,39.6799368494432,0 -86.1109760117011,39.679867713673,0 -86.118791354674,39.6796603038732,0 -86.1204981537141,39.6796603038732,0 -86.1252592247206,39.6796603038732,0 -86.1319965893524,39.6795911664434,0 -86.1366678288305,39.6795220303272,0 -86.1415187313654,39.6794528934504,0 -86.1420577214342,39.6794528934504,0 -86.1426865412349,39.6793146194892,0 -86.1433153619339,39.6791072073369,0 -86.1439441826328,39.6790380707362,0 -86.1446628348602,39.6790380707362,0 -86.1489747482246,39.6790380707362,0 -86.1538256507595,39.678968933375,0 -86.158586721766,39.6788997959445,0 -86.1644257711136,39.6788306584448,0 -86.1757445436951,39.6786923839292,0 -86.1785742368405,39.6786232455305,0 -86.1870633162766,39.6784158313019,0 -86.1927227025673,39.6783466933177,0 -86.1961363006474,39.6782775559558,0 -86.2013465292961,39.6782775559558,0 -86.2108686713091,39.6782084178332,0 -86.2156297423156,39.6782084178332,0 -86.2240082687846,39.6778011444899,0 -86.2241450723209,39.6777944947424,0 -86.2241607155833,39.6778243003742,0 -86.2251936856337,39.6795060576407,0 -86.2251158924284,39.6798428355918,0 -86.2251153022352,39.6798453915689,0 -86.2248758491097,39.6808820098335,0 -86.2248793408612,39.68110240095,0 -86.2248873816813,39.6816098228582,0 -86.2248875478696,39.6816202698098,0 -86.2249354433456,39.684642806369,0 -86.2247816104465,39.684847290768,0 -86.2247169308477,39.6849332654268,0 -86.2241408511374,39.6854988936632,0 -86.2241344129117,39.6855151345739,0 -86.2237832848233,39.6864008318626,0 -86.2232469349031,39.6871193164915,0 -86.2231540041869,39.6879488754769,0 -86.223147610877,39.6880059464824,0 -86.2225224193718,39.689449246976,0 -86.2224126129048,39.6897027417779,0 -86.2224026308253,39.6898794147515,0 -86.2223331542229,39.6911090628242,0 -86.2224332166641,39.6913742758198,0 -86.2224388005919,39.691389076858,0 -86.223048286851,39.6930044937797,0 -86.2231250883162,39.693193601855,0 -86.2234455829552,39.6939827598047,0 -86.2235022882091,39.6946808693391,0 -86.2236045012171,39.6959392516456,0 -86.223207205113,39.6969174753876,0 -86.2225715320651,39.6975899978959,0 -86.2225229502762,39.6976193664472,0 -86.2214591024345,39.6982625124688,0 -86.2210480028177,39.6984299687805,0 -86.221038848985,39.6984336976916,0 -86.2201082958601,39.6988127475448,0 -86.2189958662296,39.6994852508944,0 -86.217088845289,39.7004022899787,0 -86.216929963858,39.7005856515463,0 -86.2164531713428,39.7011359123344,0 -86.215513005346,39.7017989803379,0 -86.2154156576136,39.7019448318986,0 -86.2147845273461,39.7029699344494,0 -86.2146588692075,39.7030786952994,0 -86.2141482479353,39.7035206537955,0 -86.2141405700346,39.7035272983009,0 -86.2139004261046,39.7037351506031,0 -86.2135131803518,39.7040703244601,0 -86.2124007507213,39.7049873026161,0 -86.2111529916898,39.7063989868756,0 -86.2110499441469,39.7065155724629,0 -86.2101722595715,39.7074688223975,0 -86.2096991366742,39.7079826793933,0 -86.2084277887816,39.7084717083346,0 -86.2080311736005,39.7085680618911,0 -86.2072827530012,39.7087498813942,0 -86.2069180639453,39.7088384779385,0 -86.2057929060854,39.7090548738684,0 -86.2057858408358,39.7090562325173,0 -86.2043753690585,39.7093275008138,0 -86.2022299702758,39.7099387743606,0 -86.2012764589073,39.7101832826774,0 -86.201138974448,39.7103243019014,0 -86.2005613262792,39.7109168003553,0 -86.2000051110147,39.7119559387756,0 -86.1997667340709,39.7130561854773,0 -86.1997303181659,39.7133223064573,0 -86.1996771792236,39.7137106379308,0 -86.1996756538842,39.7137217834891,0 -86.1996078149106,39.7142175375353,0 -86.1992105188064,39.7150732587374,0 -86.1986817416841,39.715553963983,0 -86.1983364679163,39.715867846553,0 -86.1979736770006,39.7161779209683,0 -86.1976213352882,39.7164790628371,0 -86.1966678239197,39.7170291519635,0 -86.1962968448601,39.7172289038738,0 -86.1961363006474,39.7173295279539,0 -86.1961363006474,39.7176601927262,0 -86.1961363006474,39.7187805919473,0 -86.1961363006474,39.7244049564502,0 -86.1961363006474,39.7276918757284,0 -86.1961363006474,39.728591741918,0 -86.1961363006474,39.7309406835273,0 -86.1958668060622,39.7319078715158,0 -86.1960468859373,39.7326695584292,0 -86.1962261321759,39.733427710938,0 -86.1962261321759,39.7342566994445,0 -86.1964956267611,39.734740272563,0 -86.1965854582896,39.7351547605151,0 -86.1965307535837,39.735617510572,0 -86.1964956267611,39.7359146486204,0 -86.1965854582896,39.736743607908,0 -86.1963825073073,39.7369170836473,0 -86.194835349673,39.7379368579548,0 -86.192404104272,39.7399454579479,0 -86.1903747166201,39.7415677465596,0 -86.1898032210126,39.7420165385548,0 -86.1884859799889,39.7430509486187,0 -86.187481332921,39.7438697865455,0 -86.1874612403031,39.7470059978035,0 -86.187481332921,39.7507599944313,0 -86.1874524853224,39.7512217888219,0 -86.1862296940659,39.7514307039505,0 -86.1816090971119,39.75139946248,0 -86.1810196711314,39.7513394043649,0 -86.1787181083214,39.7513799164386,0 -86.1759271119036,39.7514290436326,0 -86.1743835044113,39.7515296067487,0 -86.1736880987868,39.7553036587219,0 -86.1733821388892,39.7560328269832,0 -86.1739940595828,39.7617483003661,0 -86.1733190924276,39.7643698787607,0 -86.1742174077119,39.767477140916,0 -86.1654864910215,39.7672030218171,0 -86.1617824568302,39.7670867287246,0 -86.1439640407905,39.7668680698907,0 -86.1429560358202,39.7668556997034,0 -86.1394546328109,39.7669340678923,0 -86.1340140078514,39.7670558396012,0 -86.1292938551061,39.7674311648158,0 -86.1211947091821,39.7680751664514,0</coordinates></LinearRing></outerBoundaryIs></Polygon></Placemark>
<Placemark><name>Lowell Little League</name><styleUrl>#d7</styleUrl><Polygon><outerBoundaryIs><LinearRing><coordinates>-86.0160340969819,39.7255667350886,0 -86.0180902113102,39.7255518163265,0 -86.0190783581229,39.724860905454,0 -86.0193478527081,39.7246536308423,0 -86.0197970103502,39.7251372706338,0 -86.0200665049355,39.7253445437917,0 -86.0205156625776,39.7254827255508,0 -86.0208749886913,39.7255518163265,0 -86.0253665651126,39.7255518163265,0 -86.0259953858115,39.7254827255508,0 -86.0264445425554,39.7253445437917,0 -86.0268937010958,39.7251372706338,0 -86.0273428587379,39.7250681794427,0 -86.0277021848516,39.7249990888733,0 -86.0351582017108,39.7249299968528,0 -86.0446803437238,39.7247227224488,0 -86.0449498383091,39.7247227224488,0 -86.0453091644228,39.724860905454,0 -86.0453989959512,39.7247227224488,0 -86.0455786590081,39.7247227224488,0 -86.0457182320504,39.7247176103632,0 -86.0505048179059,39.7245403294397,0 -86.0518713881169,39.7244835145756,0 -86.053427694194,39.7244463556075,0 -86.0557272241165,39.7243914503661,0 -86.0563214120664,39.7243772637241,0 -86.0577356334116,39.7243434964227,0 -86.06020268027,39.724284592745,0 -86.0636347962214,39.7242390797496,0 -86.0740552544169,39.7239627109699,0 -86.0801637965532,39.7283844785218,0 -86.0824994171905,39.7300425689355,0 -86.0822299226052,39.7309406835273,0 -86.0821400910768,39.7315624487919,0 -86.0822299226052,39.7326677954156,0 -86.082589248719,39.7358455689205,0 -86.0826790802474,39.7383324186749,0 -86.0827689117758,39.7456542905692,0 -86.0828587433042,39.7518012998494,0 -86.0828587433042,39.7528372578334,0 -86.0829485748326,39.7542875738039,0 -86.0829915187948,39.7578807236901,0 -86.0832334827116,39.7702515969037,0 -86.1020440224056,39.7692510298798,0 -86.1022213148084,39.7839951647136,0 -86.1022414083247,39.787932423899,0 -86.1024420173991,39.801302695725,0 -86.0992979130059,39.8029590303954,0 -86.0941775158857,39.8055814786949,0 -86.0913927394028,39.8070306835286,0 -86.086048075177,39.8098204458753,0 -86.084852897234,39.8104442986646,0 -86.0847553303127,39.8104952247786,0 -86.0843858792874,39.8106880646552,0 -86.0835474771411,39.8109456763456,0 -86.0833324743609,39.8109877756522,0 -86.0831046840627,39.8110081224796,0 -86.0829351656804,39.8110488147362,0 -86.0827709455616,39.8110935768807,0 -86.0827132566524,39.8111150677785,0 -86.082418665833,39.8112248103663,0 -86.0819644111499,39.81144149964,0 -86.0813363962398,39.8117691885893,0 -86.081089010092,39.8118982713061,0 -86.0799415048428,39.8124942409239,0 -86.0780441156388,39.8134796734482,0 -86.0780314619697,39.8134862459411,0 -86.0767912990922,39.814130334773,0 -86.0762297711912,39.8144151705755,0 -86.0759437098754,39.8145453806377,0 -86.0759402549549,39.8145468703797,0 -86.0753398021543,39.8148058007123,0 -86.074757083894,39.8149848393293,0 -86.0746828111863,39.8150108478871,0 -86.0746561779347,39.8150201733738,0 -86.0740366332394,39.8152371197862,0 -86.0721004790359,39.8158527427566,0 -86.071758734749,39.8159614034496,0 -86.0698000723577,39.8166093979138,0 -86.0684448667334,39.8170577477248,0 -86.0668579442747,39.8175827553636,0 -86.0667181583316,39.8176290015483,0 -86.0650632432875,39.8181765057118,0 -86.0647237402971,39.8182888244402,0 -86.0646495762856,39.818337651353,0 -86.0641940621645,39.8185565764904,0 -86.0623847887067,39.81942613144,0 -86.060737248831,39.8202179565052,0 -86.0592991655369,39.8209091148875,0 -86.056353647212,39.8223127063913,0 -86.0563343882306,39.8223218839307,0 -86.0543540782376,39.8232655384505,0 -86.0534931759884,39.8236757714374,0 -86.0483671661943,39.8261452497571,0 -86.0474849747711,39.8265702486029,0 -86.0459602220183,39.8273048059682,0 -86.0458481535934,39.8273554325968,0 -86.0458481535934,39.8273212908094,0 -86.0458481535934,39.8269672228688,0 -86.0458481535934,39.8257295854238,0 -86.0320884221276,39.8257215515083,0 -86.0269504997746,39.8258257826071,0 -86.0250213551252,39.8259151234231,0 -86.0200314041641,39.8259371015855,0 -86.0099179236574,39.8260438339324,0 -86.0066222078988,39.8260651807959,0 -86.0009083100399,39.8261444674123,0 -85.9952222078526,39.8261993584646,0 -85.987495143221,39.8263213385005,0 -85.9790531876081,39.8264224593301,0 -85.9754267876202,39.8264810093635,0 -85.9720138560901,39.8265141877855,0 -85.9684992721006,39.8265629791884,0 -85.9680062649945,39.8265668826095,0 -85.9676555689958,39.8265922541514,0 -85.9657089530125,39.8266000609901,0 -85.9641333619028,39.8266293359374,0 -85.9561080161726,39.8267269185448,0 -85.9531300120722,39.8267700050791,0 -85.9530716790709,39.8238833379571,0 -85.9530500117062,39.8191600048937,0 -85.9529500121471,39.8120800052008,0 -85.9529700122386,39.8084300046569,0 -85.9529300120556,39.807200004558,0 -85.952901822922,39.8067853139054,0 -85.9525800122512,39.7973750051241,0 -85.9523405115149,39.7806395049786,0 -85.9524496783815,39.7767006720629,0 -85.952390011382,39.7760400047481,0 -85.9523700121888,39.7752600050359,0 -85.9523700121888,39.7745700046935,0 -85.9523100119144,39.7729000048834,0 -85.9523100119144,39.7710300045728,0 -85.952292678921,39.7703713376313,0 -85.9522800117771,39.7684700045203,0 -85.9522300115484,39.7583700050927,0 -85.9522000114112,39.7556000047051,0 -85.9519300119727,39.7441400047733,0 -85.9518100114238,39.7409200045907,0 -85.9518200114696,39.7341100050055,0 -85.9517000118189,39.7275100045941,0 -85.9517000118189,39.726420005113,0 -85.9517047118045,39.7263809009257,0 -85.9611370222891,39.7261736308833,0 -85.9658980932956,39.7261736308833,0 -85.9722761318137,39.7260354498179,0 -85.9753304037801,39.7259663595268,0 -85.9896136167996,39.725828178737,0 -86.0038069982907,39.725620906342,0 -86.0085680692972,39.725620906342,0 -86.0160340969819,39.7255667350886,0</coordinates></LinearRing></outerBoundaryIs></Polygon></Placemark>
<Placemark><name>Southport Little League</name><styleUrl>#d7</styleUrl><Polygon><outerBoundaryIs><LinearRing><coordinates>-86.0824994171905,39.6806282109432,0 -86.082589248719,39.6777935876443,0 -86.082589248719,39.6765490814371,0 -86.082589248719,39.6716399805961,0 -86.0824994171905,39.6706719475662,0 -86.0824994171905,39.669773047607,0 -86.0824994171905,39.6690815788327,0 -86.0824994171905,39.6679060648582,0 -86.082589248719,39.6672837258335,0 -86.0824994171905,39.6663156303812,0 -86.0824994171905,39.6659007294621,0 -86.0824994171905,39.665070918767,0 -86.0824095856621,39.6644485548974,0 -86.0823197541336,39.6636187253798,0 -86.0821400910768,39.6629963484308,0 -86.0822299226052,39.6604376259059,0 -86.0822299226052,39.6580862838429,0 -86.0822299226052,39.6576021733845,0 -86.0824095856621,39.6567031033928,0 -86.082589248719,39.6560806648541,0 -86.082589248719,39.6554582186354,0 -86.082589248719,39.6537291738726,0 -86.082589248719,39.6511701089446,0 -86.0826790802474,39.6506167843119,0 -86.082589248719,39.6493717899443,0 -86.0826790802474,39.6488184509187,0 -86.0826790802474,39.6470200707487,0 -86.0826790802474,39.6437690333524,0 -86.0826790802474,39.6400336116914,0 -86.0827689117758,39.6364363476201,0 -86.0886977926518,39.6362288074462,0 -86.093189369073,39.6360904462925,0 -86.0957046518689,39.6360212666496,0 -86.100375891347,39.6358829057725,0 -86.1014538696881,39.635813725922,0 -86.106304772223,39.635813725922,0 -86.1112455062864,39.6357445446187,0 -86.1141201151959,39.635675363938,0 -86.1144794413096,39.635675363938,0 -86.1159167457644,39.635675363938,0 -86.1170845556339,39.6356061838799,0 -86.1182523664018,39.635537002369,0 -86.122384615811,39.635537002369,0 -86.1267863607038,39.6354678214808,0 -86.1317270947671,39.6354678214808,0 -86.1364881657736,39.6354678214808,0 -86.1379254702284,39.6353986405233,0 -86.1394526062116,39.6353986405233,0 -86.1407102476096,39.6352602784008,0 -86.1412492367801,39.6353294594967,0 -86.1456509816729,39.6352602784008,0 -86.1512205364352,39.6351910979276,0 -86.1548137975722,39.6351219153098,0 -86.1583172271808,39.6351219153098,0 -86.1594850370503,39.6351219153098,0 -86.1602935208061,39.6350527346982,0 -86.1625393090167,39.6350527346982,0 -86.1649647602842,39.6349835533256,0 -86.1688275160064,39.6349143718838,0 -86.1731394293708,39.6348451903728,0 -86.1774513427352,39.6347068278351,0 -86.1815835930427,39.6346376454247,0 -86.1823022452701,39.6346376454247,0 -86.1911955665841,39.6344992817801,0 -86.1940701745954,39.634430099854,0 -86.1964057952327,39.634430099854,0 -86.1986515834434,39.6343609178587,0 -86.2045804643194,39.6343609178587,0 -86.2056584426604,39.6342917357942,0 -86.2113178289512,39.6342917357942,0 -86.2181450251114,39.6341533714576,0 -86.2205704763789,39.6340841898774,0 -86.2238942429306,39.6340150068443,0 -86.2274875040676,39.6340150068443,0 -86.2325180696594,39.6338766419542,0 -86.2342248686994,39.6338766419542,0 -86.2375486352511,39.6360904462925,0 -86.2383571190069,39.6379582898681,0 -86.2386266135922,39.6410712499424,0 -86.2390757712344,39.6457750109217,0 -86.2384469514337,39.6505476185079,0 -86.2354825100974,39.6548357675032,0 -86.2348536893984,39.657463856377,0 -86.2363808253816,39.6613366473183,0 -86.2362909938532,39.6629963484308,0 -86.2359316677395,39.664517705409,0 -86.2361113307963,39.6660390309673,0 -86.2374588037227,39.6679752126012,0 -86.2342248686994,39.6690815788327,0 -86.2338655425857,39.6698421948644,0 -86.2329672273015,39.6706719475662,0 -86.2318892489604,39.6715708358295,0 -86.2309909336761,39.6719165589703,0 -86.2260501996128,39.6732302904348,0 -86.2240739059874,39.6747514234625,0 -86.2241637384142,39.6777935876443,0 -86.2156297423156,39.6782084178332,0 -86.2108686713091,39.6782084178332,0 -86.2013465292961,39.6782775559558,0 -86.1961363006474,39.6782775559558,0 -86.1927227025673,39.6783466933177,0 -86.1870633162766,39.6784158313019,0 -86.1785742368405,39.6786232455305,0 -86.1757445436951,39.6786923839292,0 -86.1644257711136,39.6788306584448,0 -86.158586721766,39.6788997959445,0 -86.1538256507595,39.678968933375,0 -86.1489747482246,39.6790380707362,0 -86.1446628348602,39.6790380707362,0 -86.1439441826328,39.6790380707362,0 -86.1433153619339,39.6791072073369,0 -86.1426865412349,39.6793146194892,0 -86.1420577214342,39.6794528934504,0 -86.1415187313654,39.6794528934504,0 -86.1366678288305,39.6795220303272,0 -86.1319965893524,39.6795911664434,0 -86.1252592247206,39.6796603038732,0 -86.1204981537141,39.6796603038732,0 -86.118791354674,39.6796603038732,0 -86.1109760117011,39.679867713673,0 -86.1052267938819,39.6799368494432,0 -86.099747070648,39.6802133959799,0 -86.0975012815391,39.6801442584125,0 -86.09678263021,39.6802133959799,0 -86.0921113907319,39.680282531404,0 -86.0824994171905,39.6806282109432,0</coordinates></LinearRing></outerBoundaryIs></Polygon></Placemark>
<Placemark><name>Speedway Little League</name><styleUrl>#d7</styleUrl><Polygon><outerBoundaryIs><LinearRing><coordinates>-86.2620130797161,39.8102688054685,0 -86.2616344541968,39.8100631534562,0 -86.2613858616116,39.8097987454839,0 -86.261209934648,39.8094814533326,0 -86.2611946363387,39.8090730843694,0 -86.260666855448,39.809055456535,0 -86.2558384197783,39.8096459744515,0 -86.2554611282572,39.8096459744515,0 -86.2549864144436,39.8096459744515,0 -86.2548708210294,39.8096459744515,0 -86.2544989526377,39.809599900932,0 -86.2543965824246,39.8095872175457,0 -86.2540342550395,39.8094919188676,0 -86.2534847816313,39.8093473975951,0 -86.2529891658176,39.8092170417428,0 -86.2524567729762,39.8092228314157,0 -86.2519464032323,39.8092283816345,0 -86.2514211439126,39.8092340933288,0 -86.2508061662521,39.809240781469,0 -86.250368755879,39.8092455374181,0 -86.2499620346509,39.809249960754,0 -86.249496506111,39.8092550237827,0 -86.2489155144127,39.8092613413544,0 -86.2484914844457,39.8092659523878,0 -86.2479993693667,39.8092713045536,0 -86.2474756290981,39.8092769996828,0 -86.2467851660043,39.8092845083092,0 -86.2460415531884,39.8092925959015,0 -86.2452945725886,39.8093007173062,0 -86.2445775346337,39.8093085157583,0 -86.2440414191738,39.8093143454475,0 -86.2434222814152,39.8093210784342,0 -86.2427143460892,39.8093287775144,0 -86.2420139036109,39.8093363944758,0 -86.2412985131663,39.8093441749821,0 -86.2406968108092,39.8093507175074,0 -86.2400485838051,39.8093577665413,0 -86.2398864190317,39.8093595303523,0 -86.2398491299642,39.8046010653311,0 -86.2378154501619,39.8046484423758,0 -86.2375400859846,39.8045720515248,0 -86.2360179338546,39.8039021598958,0 -86.2359337949501,39.8037963869367,0 -86.2356278350525,39.8037258715403,0 -86.2354901529638,39.8035965926655,0 -86.2350994217478,39.8034315946854,0 -86.2321666586016,39.8021451318479,0 -86.2317867125589,39.8021092639187,0 -86.2314815925861,39.8020855624482,0 -86.2309675199866,39.8020482576159,0 -86.2304357379996,39.8020096663412,0 -86.2301970403572,39.8019923458788,0 -86.229998166828,39.8019027289623,0 -86.2296654353383,39.8016456334316,0 -86.2293881586477,39.8015516108663,0 -86.2290783737236,39.8015119447561,0 -86.2289120084279,39.8015251665653,0 -86.2284454180794,39.8013136138617,0 -86.2280706175866,39.8012019596141,0 -86.2276403595997,39.8009962818605,0 -86.2276709562183,39.8009478008178,0 -86.2276862554259,39.8008567145864,0 -86.2277034653501,39.8008434926486,0 -86.2277055979506,39.8006102455986,0 -86.2276793132454,39.8003094423918,0 -86.2276597910576,39.799940095901,0 -86.2276499221659,39.7997533869652,0 -86.2276613954487,39.7996549523531,0 -86.2276174139324,39.799503629524,0 -86.2275887298271,39.7994463326245,0 -86.2274825983678,39.7993275997474,0 -86.2274357494291,39.7992744409492,0 -86.2273018923669,39.7991554379192,0 -86.2272885065709,39.7991201778504,0 -86.2271240528901,39.7989923596906,0 -86.2267897089244,39.7988368826356,0 -86.2267607247818,39.7988234049457,0 -86.2266058327689,39.7986985243046,0 -86.2264811043866,39.7986287359556,0 -86.2264299058054,39.798600089563,0 -86.2262731012792,39.7982930293827,0 -86.2263238839405,39.7980305514419,0 -86.2263572401837,39.7978581489439,0 -86.2260971734173,39.7973057289319,0 -86.2261124717266,39.7971117927686,0 -86.2260742268517,39.7971000388351,0 -86.2261029316183,39.7970693198546,0 -86.2262883986902,39.7968708415599,0 -86.2262348564043,39.7967297964909,0 -86.2262578029699,39.7964947209631,0 -86.2261660149108,39.7963066595483,0 -86.2262042597857,39.7961303517206,0 -86.2261671072622,39.7957161223122,0 -86.2261389917904,39.7954026537982,0 -86.2261065482356,39.7950409298692,0 -86.2260771041556,39.7947126428383,0 -86.2260475154467,39.7943827446541,0 -86.2260356298372,39.7942502228234,0 -86.2260321569503,39.7942115043136,0 -86.2260415218871,39.7941481863615,0 -86.2260550271591,39.7940568688731,0 -86.2261086475984,39.7936943185704,0 -86.2261736640655,39.7935003729141,0 -86.2263766878113,39.7931941603443,0 -86.2264796239631,39.7929919953861,0 -86.2264910972459,39.7928744516802,0 -86.2266654593442,39.7925129367112,0 -86.2268781372844,39.792090505481,0 -86.2270188790349,39.7918165458371,0 -86.2270265281896,39.7916578574184,0 -86.2271183162487,39.7914932925681,0 -86.2271649882193,39.7912243286382,0 -86.2272143991532,39.7909395789814,0 -86.2272845333224,39.7905354036407,0 -86.2273509628393,39.7901525728986,0 -86.2274195096854,39.789757540308,0 -86.2275466599257,39.7891129325412,0 -86.228078625169,39.7878145954343,0 -86.2281842472835,39.7875763465679,0 -86.2282274221127,39.7874789589499,0 -86.2282372119527,39.7871128424537,0 -86.228245771999,39.7867927293161,0 -86.2282503686783,39.7866208129201,0 -86.2283498058921,39.7863445576524,0 -86.2285915290604,39.7860217073478,0 -86.2288266909338,39.7857076203219,0 -86.2289923223059,39.7854863974734,0 -86.2289999768504,39.7854774683586,0 -86.2290375497855,39.7854336449232,0 -86.2294206668812,39.7849867787596,0 -86.2297959641423,39.7846786278568,0 -86.2303239345776,39.784286314754,0 -86.2305144744359,39.7840521873109,0 -86.2307033937334,39.782283520434,0 -86.2308204343335,39.7814041138709,0 -86.2308548550802,39.7804518385939,0 -86.2308166102054,39.7803225166614,0 -86.2308089610507,39.7802167074384,0 -86.2306406832418,39.7799492444529,0 -86.2306368582153,39.779911035666,0 -86.2301549713541,39.7795671528678,0 -86.2301129005544,39.7794143153635,0 -86.2300058159826,39.7792350253393,0 -86.2298841346858,39.778928055449,0 -86.2298331328355,39.77879939065,0 -86.2297113293678,39.7785884004321,0 -86.2299484477719,39.7778888633732,0 -86.2296730835946,39.7774156423848,0 -86.2295889446901,39.7773392219765,0 -86.2293253735958,39.776931319397,0 -86.2290936720329,39.7766146875033,0 -86.2289770239966,39.7765088725795,0 -86.2284071732044,39.7761150043742,0 -86.2281241598725,39.7760650366211,0 -86.228108707053,39.7738063838146,0 -86.2282676064503,39.7717030823902,0 -86.2283605470479,39.7704727983018,0 -86.2283817724415,39.7701918445305,0 -86.2283733363626,39.7692910529229,0 -86.2283598265991,39.7679463273868,0 -86.2283517184053,39.7671391977375,0 -86.2281069499482,39.7665394944514,0 -86.227663307962,39.7659868229586,0 -86.2267224799069,39.7651695654111,0 -86.2282271382451,39.765059874316,0 -86.2295948502148,39.7653558779475,0 -86.2305641988818,39.7654375339693,0 -86.2312546934166,39.7656927064277,0 -86.232529454009,39.7665194638349,0 -86.2328083072428,39.7668358749459,0 -86.2332597852334,39.7674584839515,0 -86.2335784751569,39.7682648054495,0 -86.2342158550039,39.7710205198401,0 -86.2347470045769,39.7724289534702,0 -86.2356499596596,39.7730821297498,0 -86.239527355226,39.7749803894899,0 -86.2417316268975,39.7758376506106,0 -86.243590652649,39.7762050449653,0 -86.2466978794031,39.7770418808013,0 -86.2505221593834,39.7782460899218,0 -86.2515579034314,39.7785114207403,0 -86.257666127564,39.7792308713878,0 -86.2586952303672,39.7794910979813,0 -86.2592861349746,39.779802345614,0 -86.2702477975862,39.7794726016764,0 -86.2702594801765,39.7800142544328,0 -86.2702754279677,39.7807005799764,0 -86.2702855771338,39.7811373845102,0 -86.270299168644,39.781722276314,0 -86.2703302162169,39.7830584183896,0 -86.2703664865948,39.7836947568813,0 -86.2704585091142,39.784755486748,0 -86.270522855438,39.7854572126903,0 -86.2709687441108,39.7876441574208,0 -86.2716846160524,39.7896382095017,0 -86.273930404263,39.7940557624496,0 -86.2749185510757,39.7970926655356,0 -86.2751694325683,39.8007928623622,0 -86.2751857154311,39.8011181009663,0 -86.2753677087178,39.8057885098271,0 -86.2754409097354,39.8086771998659,0 -86.2720839522306,39.8087366924774,0 -86.2700206334138,39.8092589067948,0 -86.26801149828,39.8092939629253,0 -86.2680038500236,39.8099917625896,0 -86.2679381220909,39.8101145456426,0 -86.2678051732254,39.8102361809098,0 -86.2676333848004,39.8102935557658,0 -86.2673241649166,39.8103199483905,0 -86.2659774807111,39.8103338723642,0 -86.2627156413201,39.8103653865751,0 -86.2623687586697,39.8103686926372,0 -86.2620130797161,39.8102688054685,0</coordinates></LinearRing></outerBoundaryIs></Polygon></Placemark>
</Folder>
</Document>
</kml>